name,family,gf_type,incoming_velocity,outgoing_velocity,angle
assistant_3_0_090_flag_gk,official,official,sprint,idle,090
assistant_3_0_090_flag_middle_point_000,official,official,sprint,idle,090
assistant_3_0_090_flag_up,official,official,sprint,idle,090
assistant_3_0_f090_flag_gk,official,official,sprint,idle,090
assistant_3_0_f090_flag_middle_point_f180,official,official,sprint,idle,090
assistant_3_0_f090_flag_up,official,official,sprint,idle,090
assistant_flag_up_0,official,official,,,
assistant_flag_up_0_flag_ck,official,official,,,
assistant_flag_up_0_flag_down,official,official,,,
assistant_flag_up_0_offside_far,official,official,,,
assistant_flag_up_0_offside_middle,official,official,,,
assistant_flag_up_0_offside_near,official,official,,,
assistant_flag_up_0_wave,official,official,,,
assistant_idle_0_flag_gk,official,official,,,
assistant_idle_0_flag_up,official,official,,,
assistant_idle_0_point_f090,official,official,,,090
assistant_stand_0,official,official,,,
avoidjump_1_1_slide,other,unknown,dribble,dribble,
avoidjump_2_2_low,other,unknown,walk,walk,
avoidjump_3_3,other,unknown,sprint,sprint,
avoidjump_3_3_high,other,unknown,sprint,sprint,
avoidjump_3_3_low,other,unknown,sprint,sprint,
avoidjump_4_4_low,other,unknown,sprint,sprint,
avoidslide_2_2_000_rapid_low,other,unknown,walk,walk,000
avoidslide_3_3_000,other,unknown,sprint,sprint,000
avoidslide_3_3_000_rapid_low,other,unknown,sprint,sprint,000
avoidslide_3_3_000_rapid_low_v2,other,unknown,sprint,sprint,000
avoidslide_3_3_000_rapid_up,other,unknown,sprint,sprint,000
avoidslide_4_4_000,other,unknown,sprint,sprint,000
avoidslide_4_4_000_rapid_low,other,unknown,sprint,sprint,000
avoidslide_4_4_000_rapid_up,other,unknown,sprint,sprint,000
back_1_1_relax,other,unknown,dribble,dribble,
back_2_0,other,unknown,walk,idle,
back_2_1_walk_f045,other,unknown,walk,dribble,045
back_2_1_walk_f090,other,unknown,walk,dribble,090
back_2_2,other,unknown,walk,walk,
back_2_2_relax,other,unknown,walk,walk,
back_2_2_run_180,other,unknown,walk,walk,180
back_2_2_run_180_v2,other,unknown,walk,walk,180
back_2_2_run_f045,other,unknown,walk,walk,045
back_2_2_run_f135,other,unknown,walk,walk,135
back_2_2_run_slow,other,unknown,walk,walk,
back_2_2_side,other,unknown,walk,walk,
back_2_2_side_135,other,unknown,walk,walk,135
back_2_2_side_f045,other,unknown,walk,walk,045
back_2_2_side_f090,other,unknown,walk,walk,090
back_2_2_side_f135,other,unknown,walk,walk,135
back_2_2_side_f135_v2,other,unknown,walk,walk,135
back_2_2_side_f180,other,unknown,walk,walk,180
back_2_2_side_f180_hurry,other,unknown,walk,walk,180
back_2_2_side_f180_v2,other,unknown,walk,walk,180
back_2_2_twostep_relax,other,unknown,walk,walk,
back_2_3_run_180,other,unknown,walk,sprint,180
back_2_3_run_f090,other,unknown,walk,sprint,090
back_2_3_side,other,unknown,walk,sprint,
back_2_3_side_000_hurry,other,unknown,walk,sprint,000
back_2_3_side_f180_hurry,other,unknown,walk,sprint,180
back_2_4_run,other,unknown,walk,sprint,
back_2_4_run_045,other,unknown,walk,sprint,045
back_2_4_run_045_hurry,other,unknown,walk,sprint,045
back_2_4_run_090,other,unknown,walk,sprint,090
back_2_4_run_090_hurry,other,unknown,walk,sprint,090
back_2_4_run_135,other,unknown,walk,sprint,135
back_2_4_run_135_hurry,other,unknown,walk,sprint,135
back_2_4_run_180,other,unknown,walk,sprint,180
back_2_4_run_180_hurry,other,unknown,walk,sprint,180
back_2_4_run_225,other,unknown,walk,sprint,225
back_2_4_run_270,other,unknown,walk,sprint,270
back_2_4_run_hurry,other,unknown,walk,sprint,
back_3_1_walk_180_lose,other,unknown,sprint,dribble,180
back_3_3,other,unknown,sprint,sprint,
back_3_3_bend,other,unknown,sprint,sprint,
back_3_3_neardelayside_f045,other,unknown,sprint,sprint,045
back_3_3_neardelayside_f090,other,unknown,sprint,sprint,090
back_3_3_parallel_090,other,unknown,sprint,sprint,090
back_3_3_run,other,unknown,sprint,sprint,
back_3_3_run_045_backside,other,unknown,sprint,sprint,045
back_3_3_run_180,other,unknown,sprint,sprint,180
back_3_3_run_f045,other,unknown,sprint,sprint,045
back_3_3_run_f090,other,unknown,sprint,sprint,090
back_3_3_side_f045,other,unknown,sprint,sprint,045
back_3_3_side_f090,other,unknown,sprint,sprint,090
back_3_4_run,other,unknown,sprint,sprint,
backslant_1_1_relax,other,unknown,dribble,dribble,
backslant_1_1_relax_v2,other,unknown,dribble,dribble,
backslant_1_1_timingstep,other,unknown,dribble,dribble,
backslant_2_0,other,unknown,walk,idle,
backslant_2_2,other,unknown,walk,walk,
backslant_3_3,other,unknown,sprint,sprint,
backslant_3_4_run,other,unknown,sprint,sprint,
backstep_1_1_relax,other,unknown,dribble,dribble,
backstep_1_1_relax_v2,other,unknown,dribble,dribble,
block090_0_0_y00_180_far,other,unknown,idle,idle,180
block090_3_0_y00_000_far_L,other,unknown,sprint,idle,000
block090_3_0_y00_000_far_R,other,unknown,sprint,idle,000
block090_3_0_y00_000_near,other,unknown,sprint,idle,000
block090_3_0_y00_000_sliding_L,other,unknown,sprint,idle,000
block090_3_0_y00_000_twist,other,unknown,sprint,idle,000
block090_3_0_y00_180,other,unknown,sprint,idle,180
block090_3_0_y00_180_heel,other,unknown,sprint,idle,180
block090_3_0_y00_180_rear_kneedown,other,unknown,sprint,idle,180
block090_3_0_y02_000_fishdive,other,unknown,sprint,idle,000
block090_3_0_y02_000_sliding,other,unknown,sprint,idle,000
block090_3_0_y02_000_sliding_heel,other,unknown,sprint,idle,000
block090_3_0_y02_180_rear_clear,other,unknown,sprint,idle,180
block090_3_0_y03_000_far,other,unknown,sprint,idle,000
block090_3_0_y03_000_sliding_R,other,unknown,sprint,idle,000
block090_3_0_y03_180_divehead,other,unknown,sprint,idle,180
block090_3_0_y04_000_far,other,unknown,sprint,idle,000
block090_3_0_y04_000_far_L,other,unknown,sprint,idle,000
block090_3_0_y04_000_near,other,unknown,sprint,idle,000
block090_3_0_y04_000_sliding_L,other,unknown,sprint,idle,000
block090_3_0_y04_180_rear,other,unknown,sprint,idle,180
block090_3_0_y05_000_near_hip,other,unknown,sprint,idle,000
block090_3_0_y06_000_far,other,unknown,sprint,idle,000
block090_3_0_y06_000_foot_high_L,other,unknown,sprint,idle,000
block090_3_0_y06_000_near,other,unknown,sprint,idle,000
block090_3_0_y07_180_rear_head,other,unknown,sprint,idle,180
block090_3_2_y01_000_near_clear,other,unknown,sprint,walk,000
block090_3_2_y02_000_near_back,other,unknown,sprint,walk,000
block_0_0_y00_000_near,other,unknown,idle,idle,000
block_0_0_y00_000_very_near_look_f090,other,unknown,idle,idle,000
block_0_0_y00_f090,other,unknown,idle,idle,090
block_0_0_y00_f090_far_down_onehand,other,unknown,idle,idle,090
block_0_0_y00_f090_far_down_onehand_quick,other,unknown,idle,idle,090
block_0_0_y00_f090_far_v2,other,unknown,idle,idle,090
block_0_0_y00_f090_kneedown_look_f090,other,unknown,idle,idle,090
block_0_0_y00_f090_near_rear,other,unknown,idle,idle,090
block_0_0_y00_f090_veryfar,other,unknown,idle,idle,090
block_0_0_y01_000,other,unknown,idle,idle,000
block_0_0_y01_000_look_090,other,unknown,idle,idle,000
block_0_0_y01_f090_far,other,unknown,idle,idle,090
block_0_0_y01_f090_far_down,other,unknown,idle,idle,090
block_0_0_y02_000,other,unknown,idle,idle,000
block_0_0_y02_000_near_thigh,other,unknown,idle,idle,000
block_0_0_y02_000_near_thigh_look_090,other,unknown,idle,idle,000
block_0_0_y02_f090_far,other,unknown,idle,idle,090
block_0_0_y02_f090_far_kneedown,other,unknown,idle,idle,090
block_0_0_y03_000,other,unknown,idle,idle,000
block_0_0_y03_000_down,other,unknown,idle,idle,000
block_0_0_y03_000_near_thigh,other,unknown,idle,idle,000
block_0_0_y03_000_near_thigh_bend_backward,other,unknown,idle,idle,000
block_0_0_y03_f090_far,other,unknown,idle,idle,090
block_0_0_y03_f090_near_thigh,other,unknown,idle,idle,090
block_0_0_y04_000,other,unknown,idle,idle,000
block_0_0_y04_000_look_090,other,unknown,idle,idle,000
block_0_0_y04_090_bodyblock_down,other,unknown,idle,idle,090
block_0_0_y04_f090_far_heel,other,unknown,idle,idle,090
block_0_0_y04_f090_side_near,other,unknown,idle,idle,090
block_0_0_y04_f090_side_near_thigh,other,unknown,idle,idle,090
block_0_0_y06_000_bodyblock,other,unknown,idle,idle,000
block_0_0_y06_000_near,other,unknown,idle,idle,000
block_0_0_y07_f090_side,other,unknown,idle,idle,090
block_2_0_y01_000,other,unknown,walk,idle,000
block_2_0_y04_000_look_270,other,unknown,walk,idle,000
block_2_1_y00_000,other,unknown,walk,dribble,000
block_2_1_y00_f090_near,other,unknown,walk,dribble,090
block_3_0_y00_000,other,unknown,sprint,idle,000
block_3_0_y00_000_near_axisback,other,unknown,sprint,idle,000
block_3_0_y00_000_stagger,other,unknown,sprint,idle,000
block_3_0_y00_f090,other,unknown,sprint,idle,090
block_3_0_y02_000_look_f090,other,unknown,sprint,idle,000
block_3_0_y04_090_L,other,unknown,sprint,idle,090
block_3_0_y04_090_R,other,unknown,sprint,idle,090
block_3_0_y06_000,other,unknown,sprint,idle,000
block_side_2_0_y02_000_far,other,unknown,walk,idle,000
blockhead_0_0_y04_000_down,other,unknown,idle,idle,000
blockhead_0_0_y04_f090_down,other,unknown,idle,idle,090
blockhead_0_0_y04_f090_near_down,other,unknown,idle,idle,090
blockhead_0_0_y04_f090_side_down,other,unknown,idle,idle,090
blockhead_0_0_y05_000,other,unknown,idle,idle,000
blockhead_0_0_y05_f090_down,other,unknown,idle,idle,090
blockhead_0_0_y05_f090_down_backhand,other,unknown,idle,idle,090
blockhead_0_0_y05_f090_near,other,unknown,idle,idle,090
blockhead_0_0_y05_f090_stagger,other,unknown,idle,idle,090
blockhead_0_0_y06_000_side,other,unknown,idle,idle,000
blockhead_0_0_y06_f090_far_down,other,unknown,idle,idle,090
blockhead_0_0_y09_f090_side,other,unknown,idle,idle,090
blockhead_side_2_0_y05_f180_down,other,unknown,walk,idle,180
dm_fail_run_3_1_walk_bendBack_000,cutscene,special,sprint,dribble,000
dm_fail_run_3_1_walk_bendBack_000_2,cutscene,special,sprint,dribble,000
dm_fail_run_3_1_walk_bendBack_000_3,cutscene,special,sprint,dribble,000
dm_fail_walk_1_1_walk_bendBack_000,cutscene,special,dribble,dribble,000
dm_fail_walk_1_1_walk_bendBack_000_2,cutscene,special,dribble,dribble,000
dm_fail_walk_1_1_walk_bendBack_000_3,cutscene,special,dribble,dribble,000
dm_goal_Corner_Flag01,celebration,special,,,
dm_goal_Fall_Down01,celebration,special,,,
dm_goal_Head_sliding01,celebration,special,,,
dm_goal_Head_sliding01_loop,celebration,special,,,
dm_goal_Knee_slide01,celebration,special,,,
dm_goal_Knee_slide01_loop,celebration,special,,,
dm_goal_Naked_run_loop,celebration,special,,,
dm_goal_Sliding01,celebration,special,,,
dm_goal_Sliding01_loop,celebration,special,,,
dm_goal_Wide_sliding01,celebration,special,,,
dm_goal_Wide_sliding01_loop,celebration,special,,,
dm_goal_allfours_0_3_run_guts_045,celebration,special,idle,sprint,045
dm_goal_allfours_0_3_run_guts_135,celebration,special,idle,sprint,135
dm_goal_archer,celebration,special,,,
dm_goal_archer_loop,celebration,special,,,
dm_goal_facedown_0_3_run_guts_045,celebration,special,idle,sprint,045
dm_goal_facedown_0_3_run_guts_135,celebration,special,idle,sprint,135
dm_goal_faceup_0_3_run_guts_045,celebration,special,idle,sprint,045
dm_goal_faceup_0_3_run_guts_135,celebration,special,idle,sprint,135
dm_goal_idle_0_4_dash_025,celebration,special,idle,sprint,025
dm_goal_idle_0_4_dash_crawl_090,celebration,special,idle,sprint,090
dm_goal_idle_0_4_dash_crawl_135,celebration,special,idle,sprint,135
dm_goal_ivoryCoastDance,celebration,special,,,
dm_goal_ivoryCoastDance_loop,celebration,special,,,
dm_goal_jog_2_3_run_090,celebration,special,walk,sprint,090
dm_goal_jog_2_4_dashAirplane_045,celebration,special,walk,sprint,045
dm_goal_jog_2_4_dashAirplane_135,celebration,special,walk,sprint,135
dm_goal_jog_2_4_dashComeOn_045,celebration,special,walk,sprint,045
dm_goal_jog_2_4_dashComeOn_135,celebration,special,walk,sprint,135
dm_goal_jog_2_4_dashGuts_000,celebration,special,walk,sprint,000
dm_goal_jog_2_4_dashGuts_045,celebration,special,walk,sprint,045
dm_goal_jog_2_4_dashGuts_135,celebration,special,walk,sprint,135
dm_goal_jog_2_4_dashHandup_000,celebration,special,walk,sprint,000
dm_goal_jog_2_4_dashHandup_045,celebration,special,walk,sprint,045
dm_goal_jog_2_4_dashHandup_135,celebration,special,walk,sprint,135
dm_goal_jog_2_4_dashHyper_045,celebration,special,walk,sprint,045
dm_goal_jog_2_4_dashHyper_045_2,celebration,special,walk,sprint,045
dm_goal_jog_2_4_dashHyper_135,celebration,special,walk,sprint,135
dm_goal_jog_2_4_dashHyper_135_2,celebration,special,walk,sprint,135
dm_goal_jog_2_4_dashPointing_045_at_090,celebration,special,walk,sprint,045
dm_goal_jog_2_4_dashPointing_045_at_f090,celebration,special,walk,sprint,045
dm_goal_jog_2_4_dashPointing_135_at_090,celebration,special,walk,sprint,135
dm_goal_jog_2_4_dashPointing_135_at_f090,celebration,special,walk,sprint,135
dm_goal_jog_2_4_dashPowerShot_135,celebration,special,walk,sprint,135
dm_goal_jog_2_4_dash_045,celebration,special,walk,sprint,045
dm_goal_jog_2_4_dash_crawl_090,celebration,special,walk,sprint,090
dm_goal_recorder,celebration,special,,,
dm_goal_recorder_loop,celebration,special,,,
dm_hugSet_CrowdedFall,cutscene,special,,,
dm_hugSet_Naked_interactive,cutscene,special,,,
dm_hugSet_overBoard00,cutscene,special,,,
dm_injury_allfours_endure_Rside_Rknee,cutscene,special,,,
dm_injury_comeback,cutscene,special,,,
dm_injury_comeback_sit_loop_01,cutscene,special,,,
dm_injury_endureLoop_Rknee,cutscene,special,,,
dm_injury_endureLoop_Rside_Rknee,cutscene,special,,,
dm_injury_facedown_endure_Rside_Rknee,cutscene,special,,,
dm_injury_faceup_endure_Rknee,cutscene,special,,,
dm_injury_rise_Rknee,cutscene,special,,,
dm_injury_rise_Rside_Rknee,cutscene,special,,,
dm_injury_tumbleLoop_Rknee,cutscene,special,,,
dm_layer_banzai_low,cutscene,special,,,
dm_layer_call_one,cutscene,special,,,
dm_layer_clap_high,cutscene,special,,,
dm_layer_clap_low,cutscene,special,,,
dm_layer_complain,cutscene,special,,,
dm_layer_ear_both,cutscene,special,,,
dm_layer_free_BackCheck,cutscene,special,,,
dm_layer_free_BackLineInstruct_Bothhand,cutscene,special,,,
dm_layer_free_BackLineInstruct_Onehand,cutscene,special,,,
dm_layer_free_HandBalance,cutscene,special,,,
dm_layer_free_HandMove,cutscene,special,,,
dm_layer_gk_PK_Rhand_l,cutscene,special,,,
dm_layer_gk_PK_Rhand_r,cutscene,special,,,
dm_layer_gk_block_chesthead,cutscene,special,,,
dm_layer_gk_block_chesthead_hard,cutscene,special,,,
dm_layer_gk_block_handOpenSmall,cutscene,special,,,
dm_layer_gk_block_handOpenWide,cutscene,special,,,
dm_layer_gk_block_handShrink,cutscene,special,,,
dm_layer_gk_cheer_clap,cutscene,special,,,
dm_layer_gk_cheer_clap2,cutscene,special,,,
dm_layer_gk_cheer_clap3,cutscene,special,,,
dm_layer_gk_free_catchAround,cutscene,special,,,
dm_layer_gk_free_catchAround2,cutscene,special,,,
dm_layer_gk_free_catchOk,cutscene,special,,,
dm_layer_gk_free_come,cutscene,special,,,
dm_layer_gk_free_downhand,cutscene,special,,,
dm_layer_gk_free_drop,cutscene,special,,,
dm_layer_gk_free_glove,cutscene,special,,,
dm_layer_gk_free_lookpost,cutscene,special,,,
dm_layer_gk_free_mouth,cutscene,special,,,
dm_layer_gk_free_relux,cutscene,special,,,
dm_layer_gk_free_relux2,cutscene,special,,,
dm_layer_gk_free_relux3,cutscene,special,,,
dm_layer_gk_free_relux4,cutscene,special,,,
dm_layer_gk_free_thrashHand,cutscene,special,,,
dm_layer_gk_free_touchNose,cutscene,special,,,
dm_layer_gk_free_touchPants,cutscene,special,,,
dm_layer_gk_free_uphand,cutscene,special,,,
dm_layer_gk_instruct_armR_front,cutscene,special,,,
dm_layer_gk_instruct_armR_side,cutscene,special,,,
dm_layer_gk_peek_upperbodyDown,cutscene,special,,,
dm_layer_gk_peek_upperbodySide,cutscene,special,,,
dm_layer_gk_peek_upperbody_loop,cutscene,special,,,
dm_layer_gk_run_Onehandup,cutscene,special,,,
dm_layer_gk_run_handOpen,cutscene,special,,,
dm_layer_gk_setplay_wait,cutscene,special,,,
dm_layer_gk_setplay_wait2,cutscene,special,,,
dm_layer_gk_setplay_wait3,cutscene,special,,,
dm_layer_gk_swapBall,cutscene,special,,,
dm_layer_gk_wave_inside_armR_loop,cutscene,special,,,
dm_layer_gk_wave_outside_armR_loop,cutscene,special,,,
dm_layer_gutsR_middle,cutscene,special,,,
dm_layer_gutsR_middle_loop,cutscene,special,,,
dm_layer_guts_high_loop,cutscene,special,,,
dm_layer_guts_low_loop,cutscene,special,,,
dm_layer_guts_one,cutscene,special,,,
dm_layer_handupR_high,cutscene,special,,,
dm_layer_handupR_low,cutscene,special,,,
dm_layer_hit_chest_one,cutscene,special,,,
dm_layer_hush_one,cutscene,special,,,
dm_layer_incite_both,cutscene,special,,,
dm_layer_miss_armR_loop,cutscene,special,,,
dm_layer_miss_armR_sorry,cutscene,special,,,
dm_layer_miss_upperbody_mortifying,cutscene,special,,,
dm_layer_plane_both,cutscene,special,,,
dm_layer_thumbsup,cutscene,special,,,
dm_miss_allfours_0_1_135,dejection,special,idle,dribble,135
dm_miss_back_1_1_walk_angry_135,dejection,special,dribble,dribble,135
dm_miss_back_1_1_walk_bendBack_135,dejection,special,dribble,dribble,135
dm_miss_back_1_1_walk_droop_135,dejection,special,dribble,dribble,135
dm_miss_back_1_1_walk_face_135,dejection,special,dribble,dribble,135
dm_miss_back_1_1_walk_head_f045,dejection,special,dribble,dribble,045
dm_miss_back_3_1_walk_head_180,dejection,special,sprint,dribble,180
dm_miss_facedown_0_1_135,dejection,special,idle,dribble,135
dm_miss_facedown_0_1_135_2,dejection,special,idle,dribble,135
dm_miss_facedown_0_1_135_3,dejection,special,idle,dribble,135
dm_miss_facedown_0_1_walk,dejection,special,idle,dribble,
dm_miss_faceup_0_0_idle_droop_045,dejection,special,idle,idle,045
dm_miss_faceup_0_0_idle_droop_090,dejection,special,idle,idle,090
dm_miss_idle_0_0_HandOnKnee,dejection,special,idle,idle,
dm_miss_idle_0_0_allfours,dejection,special,idle,idle,
dm_miss_idle_0_0_faceup,dejection,special,idle,idle,
dm_miss_idle_0_0_idle_hip,dejection,special,idle,idle,
dm_miss_idle_0_0_sitHip,dejection,special,idle,idle,
dm_miss_idle_0_1_walk_angry_045,dejection,special,idle,dribble,045
dm_miss_idle_0_1_walk_angry_045_2,dejection,special,idle,dribble,045
dm_miss_idle_0_1_walk_angry_045_3,dejection,special,idle,dribble,045
dm_miss_idle_0_1_walk_angry_135,dejection,special,idle,dribble,135
dm_miss_idle_0_1_walk_angry_135_2,dejection,special,idle,dribble,135
dm_miss_idle_0_1_walk_angry_135_3,dejection,special,idle,dribble,135
dm_miss_idle_0_1_walk_angry_135_4,dejection,special,idle,dribble,135
dm_miss_idle_0_1_walk_angry_135_5,dejection,special,idle,dribble,135
dm_miss_idle_0_1_walk_bendBack_045,dejection,special,idle,dribble,045
dm_miss_idle_0_1_walk_bendBack_045_2,dejection,special,idle,dribble,045
dm_miss_idle_0_1_walk_bendBack_090,dejection,special,idle,dribble,090
dm_miss_idle_0_1_walk_bendBack_090_2,dejection,special,idle,dribble,090
dm_miss_idle_0_1_walk_bendBack_135,dejection,special,idle,dribble,135
dm_miss_idle_0_1_walk_bendBack_135_2,dejection,special,idle,dribble,135
dm_miss_idle_0_1_walk_droop_045,dejection,special,idle,dribble,045
dm_miss_idle_0_1_walk_droop_045_2,dejection,special,idle,dribble,045
dm_miss_idle_0_1_walk_droop_090,dejection,special,idle,dribble,090
dm_miss_idle_0_1_walk_droop_090_2,dejection,special,idle,dribble,090
dm_miss_idle_0_1_walk_droop_135,dejection,special,idle,dribble,135
dm_miss_idle_0_1_walk_droop_135_2,dejection,special,idle,dribble,135
dm_miss_idle_0_1_walk_droop_135_3,dejection,special,idle,dribble,135
dm_miss_idle_0_1_walk_face_045,dejection,special,idle,dribble,045
dm_miss_idle_0_1_walk_face_090,dejection,special,idle,dribble,090
dm_miss_idle_0_1_walk_face_135,dejection,special,idle,dribble,135
dm_miss_idle_0_1_walk_head_045,dejection,special,idle,dribble,045
dm_miss_idle_0_1_walk_head_090,dejection,special,idle,dribble,090
dm_miss_idle_0_1_walk_head_135,dejection,special,idle,dribble,135
dm_miss_idle_0_1_walk_head_135_2,dejection,special,idle,dribble,135
dm_miss_idle_0_1_walk_hip_045,dejection,special,idle,dribble,045
dm_miss_idle_0_1_walk_hip_045_2,dejection,special,idle,dribble,045
dm_miss_idle_0_1_walk_hip_090,dejection,special,idle,dribble,090
dm_miss_idle_0_1_walk_hip_090_2,dejection,special,idle,dribble,090
dm_miss_idle_0_1_walk_hip_135,dejection,special,idle,dribble,135
dm_miss_idle_0_1_walk_hip_135_2,dejection,special,idle,dribble,135
dm_miss_idle_0_2_walk_bendBack_135,dejection,special,idle,walk,135
dm_miss_idle_0_2_walk_droop_135,dejection,special,idle,walk,135
dm_miss_idle_0_2_walk_droop_135_2,dejection,special,idle,walk,135
dm_miss_idle_0_2_walk_face_135,dejection,special,idle,walk,135
dm_miss_jog_2_1_walk_openArm_045,dejection,special,walk,dribble,045
dm_miss_jog_2_1_walk_openArm_135,dejection,special,walk,dribble,135
dm_miss_runDroop_3_1_walk_045,dejection,special,sprint,dribble,045
dm_miss_runDroop_3_1_walk_090,dejection,special,sprint,dribble,090
dm_miss_runDroop_3_1_walk_090_2,dejection,special,sprint,dribble,090
dm_miss_runDroop_3_1_walk_135,dejection,special,sprint,dribble,135
dm_miss_runFace_3_1_walk_045,dejection,special,sprint,dribble,045
dm_miss_runFace_3_1_walk_090,dejection,special,sprint,dribble,090
dm_miss_runFace_3_1_walk_135,dejection,special,sprint,dribble,135
dm_miss_runHead_3_1_walk_045,dejection,special,sprint,dribble,045
dm_miss_runHead_3_1_walk_090,dejection,special,sprint,dribble,090
dm_miss_runHead_3_1_walk_135,dejection,special,sprint,dribble,135
dm_miss_runHip_3_1_walk_045,dejection,special,sprint,dribble,045
dm_miss_runHip_3_1_walk_090,dejection,special,sprint,dribble,090
dm_miss_runHip_3_1_walk_090_2,dejection,special,sprint,dribble,090
dm_miss_runHip_3_1_walk_135,dejection,special,sprint,dribble,135
dm_miss_run_0_1_walk_oops_000,dejection,special,idle,dribble,000
dm_miss_run_3_0_HandOnKnee,dejection,special,sprint,idle,
dm_miss_run_3_0_allfours,dejection,special,sprint,idle,
dm_miss_run_3_0_allfours_135,dejection,special,sprint,idle,135
dm_miss_run_3_0_faceup,dejection,special,sprint,idle,
dm_miss_run_3_0_sitHip,dejection,special,sprint,idle,
dm_miss_run_3_1_walk_angry_045,dejection,special,sprint,dribble,045
dm_miss_run_3_1_walk_angry_135,dejection,special,sprint,dribble,135
dm_miss_run_3_1_walk_angry_135_2,dejection,special,sprint,dribble,135
dm_miss_run_3_1_walk_angry_135_3,dejection,special,sprint,dribble,135
dm_miss_run_3_1_walk_bendBack_045,dejection,special,sprint,dribble,045
dm_miss_run_3_1_walk_bendBack_045_2,dejection,special,sprint,dribble,045
dm_miss_run_3_1_walk_bendBack_090,dejection,special,sprint,dribble,090
dm_miss_run_3_1_walk_bendBack_135,dejection,special,sprint,dribble,135
dm_miss_run_3_1_walk_bendBack_135_2,dejection,special,sprint,dribble,135
dm_miss_run_3_1_walk_oops_000,dejection,special,sprint,dribble,000
dm_miss_run_3_1_walk_punchR_045,dejection,special,sprint,dribble,045
dm_miss_run_4_1_walk_lineout_090,dejection,special,sprint,dribble,090
dm_miss_run_4_1_walk_lineout_135,dejection,special,sprint,dribble,135
dm_miss_sidestep_1_1_walk_angry_090,dejection,special,dribble,dribble,090
dm_miss_sidestep_1_1_walk_bendBack_090,dejection,special,dribble,dribble,090
dm_miss_sidestep_1_1_walk_droop_090,dejection,special,dribble,dribble,090
dm_miss_sidestep_1_1_walk_face_090,dejection,special,dribble,dribble,090
dm_miss_sidestep_3_1_walk_head_f090,dejection,special,sprint,dribble,090
dm_move_backShort_1_0_idle,cutscene,special,dribble,idle,
dm_move_backShort_3_0_idle,cutscene,special,sprint,idle,
dm_move_runShort_3_1_walk,cutscene,special,sprint,dribble,
dm_move_runShort_3_1_walk_135,cutscene,special,sprint,dribble,135
dm_move_runStop_3_1_walk_045_step,cutscene,special,sprint,dribble,045
dm_move_runStop_3_1_walk_135_2,cutscene,special,sprint,dribble,135
dm_move_runStop_3_1_walk_135_face,cutscene,special,sprint,dribble,135
dm_move_runStop_3_1_walk_135_head,cutscene,special,sprint,dribble,135
dm_move_runStop_3_1_walk_135_look,cutscene,special,sprint,dribble,135
dm_move_runStop_3_1_walk_135_step,cutscene,special,sprint,dribble,135
dm_move_runStop_3_1_walk_135_sweat,cutscene,special,sprint,dribble,135
dm_move_runStop_3_1_walk_180_turn,cutscene,special,sprint,dribble,180
dm_move_sideShort_1_0_idle,cutscene,special,dribble,idle,
dm_move_sideShort_3_0_idle,cutscene,special,sprint,idle,
dm_oop_allfours_0_0_idle_protest_045,cutscene,special,idle,idle,045
dm_oop_allfours_0_0_idle_protest_090,cutscene,special,idle,idle,090
dm_oop_allfours_0_0_idle_protest_135,cutscene,special,idle,idle,135
dm_oop_allfours_0_0_idle_protest_135_hard,cutscene,special,idle,idle,135
dm_oop_facedown_0_0_idle_protest_045,cutscene,special,idle,idle,045
dm_oop_facedown_0_0_idle_protest_090,cutscene,special,idle,idle,090
dm_oop_facedown_0_0_idle_protest_135,cutscene,special,idle,idle,135
dm_oop_facedown_0_0_idle_protest_135_hard,cutscene,special,idle,idle,135
dm_oop_facedown_0_1_angry_000,cutscene,special,idle,dribble,000
dm_oop_faceup_0_0_idle_appeal_nofoul_045,cutscene,special,idle,idle,045
dm_oop_faceup_0_0_idle_appeal_nofoul_135,cutscene,special,idle,idle,135
dm_oop_faceup_0_0_idle_appeal_notouch_045,cutscene,special,idle,idle,045
dm_oop_faceup_0_0_idle_appeal_notouch_135,cutscene,special,idle,idle,135
dm_oop_faceup_0_0_idle_protest_045,cutscene,special,idle,idle,045
dm_oop_faceup_0_0_idle_protest_090,cutscene,special,idle,idle,090
dm_oop_faceup_0_0_idle_protest_135,cutscene,special,idle,idle,135
dm_oop_faceup_0_0_idle_protest_135_hard,cutscene,special,idle,idle,135
dm_oop_gk_deflect_net_s03_3_0,cutscene,special,sprint,idle,
dm_oop_gk_idle_0_0_idle_cheer_03,cutscene,special,idle,idle,
dm_oop_gk_idle_0_0_idle_droop,cutscene,special,idle,idle,
dm_oop_gk_idle_0_0_idle_droop_02,cutscene,special,idle,idle,
dm_oop_gk_idle_0_0_idle_guts,cutscene,special,idle,idle,
dm_oop_gk_idle_0_0_idle_guts_02,cutscene,special,idle,idle,
dm_oop_gk_idle_0_0_idle_guts_04,cutscene,special,idle,idle,
dm_oop_gk_idle_0_0_idle_guts_05,cutscene,special,idle,idle,
dm_oop_gk_idle_0_0_idle_guts_06,cutscene,special,idle,idle,
dm_oop_gk_idle_0_0_idle_guts_07,cutscene,special,idle,idle,
dm_oop_gk_idle_0_0_idle_mortfying_04,cutscene,special,idle,idle,
dm_oop_gk_idle_0_0_idle_mortfying_05,cutscene,special,idle,idle,
dm_oop_gk_idle_0_0_idle_mortfying_06,cutscene,special,idle,idle,
dm_oop_gk_idle_0_0_idle_seeOff,cutscene,special,idle,idle,
dm_oop_gk_idle_0_0_idle_seeOff_000,cutscene,special,idle,idle,000
dm_oop_gk_idle_0_0_idle_seeOff_110,cutscene,special,idle,idle,110
dm_oop_gk_idle_0_0_idle_walkAngry,cutscene,special,idle,idle,
dm_oop_gk_idle_0_0_idle_walkAngry_02,cutscene,special,idle,idle,
dm_oop_gk_idle_0_0_idle_walkCheer,cutscene,special,idle,idle,
dm_oop_gk_idle_0_0_idle_walkCheer_03,cutscene,special,idle,idle,
dm_oop_gk_idle_0_0_idle_walkCheer_04,cutscene,special,idle,idle,
dm_oop_gk_idle_0_0_idle_walkDroop,cutscene,special,idle,idle,
dm_oop_gk_lie_0_1_walkCheer,cutscene,special,idle,dribble,
dm_oop_gk_lie_0_1_walkCheer_02,cutscene,special,idle,dribble,
dm_oop_gk_lie_0_1_walkangry,cutscene,special,idle,dribble,
dm_oop_gk_lie_0_1_walkguts,cutscene,special,idle,dribble,
dm_oop_gk_lie_0_1_walkguts_02,cutscene,special,idle,dribble,
dm_oop_gk_pk_idle_0_2_cool,cutscene,special,idle,walk,
dm_oop_gk_pk_idle_0_2_glad,cutscene,special,idle,walk,
dm_oop_gk_pk_idle_catch_0_2_cool,cutscene,special,idle,walk,
dm_oop_gk_pk_idle_catch_0_2_glad,cutscene,special,idle,walk,
dm_oop_gk_pk_riseup_0_2_cool,cutscene,special,idle,walk,
dm_oop_gk_pk_riseup_0_2_glad,cutscene,special,idle,walk,
dm_oop_gk_pk_riseup_catch_0_2_cool,cutscene,special,idle,walk,
dm_oop_gk_pk_riseup_catch_0_2_glad,cutscene,special,idle,walk,
dm_oop_gk_riseup_0_0_idle_guts,cutscene,special,idle,idle,
dm_oop_gk_riseup_0_0_idle_gutsR,cutscene,special,idle,idle,
dm_oop_gk_riseup_0_0_post,cutscene,special,idle,idle,
dm_oop_gk_riseup_0_0_sidewaysHoldKnee,cutscene,special,idle,idle,
dm_oop_gk_riseup_0_0_sidewaysSitAngry,cutscene,special,idle,idle,
dm_oop_gk_riseup_0_0_sidewaysslowFootUp,cutscene,special,idle,idle,
dm_oop_gk_riseup_0_0_sidewaysslowRotate,cutscene,special,idle,idle,
dm_oop_gk_riseup_0_0_sidewaysslowdown,cutscene,special,idle,idle,
dm_oop_gk_riseup_0_0_sidewaysslowdown2,cutscene,special,idle,idle,
dm_oop_gk_riseup_0_0_sidewaysslowup,cutscene,special,idle,idle,
dm_oop_gk_riseup_0_1_idle_droop,cutscene,special,idle,dribble,
dm_oop_gk_riseup_sidewaysmid_l_0_2_000,cutscene,special,idle,walk,000
dm_oop_gk_riseup_sidewaysmid_l_0_2_090,cutscene,special,idle,walk,090
dm_oop_gk_riseup_sidewaysmid_l_0_2_180,cutscene,special,idle,walk,180
dm_oop_gk_riseup_sidewaysmid_l_0_2_f090,cutscene,special,idle,walk,090
dm_oop_gk_run_3_0_idle_seeOff,cutscene,special,sprint,idle,
dm_oop_gk_run_3_0_idle_seeOff_allfours,cutscene,special,sprint,idle,
dm_oop_gk_run_3_0_upside_seeOff_045,cutscene,special,sprint,idle,045
dm_oop_gk_side_0_0_idle_seeOff,cutscene,special,idle,idle,
dm_oop_gk_side_0_0_seeOff,cutscene,special,idle,idle,
dm_oop_gk_side_2_1_idle_seeOff,cutscene,special,walk,dribble,
dm_oop_gk_side_3_0_otherside_seeOff,cutscene,special,sprint,idle,
dm_oop_gk_side_3_0_seeOff,cutscene,special,sprint,idle,
dm_oop_gk_side_3_0_upside_seeOff,cutscene,special,sprint,idle,
dm_oop_gk_side_4_1_seeOff_180,cutscene,special,sprint,dribble,180
dm_oop_gk_sideways_0_0_idle_seeOff_090,cutscene,special,idle,idle,090
dm_oop_gk_turn_135_0_1_walkAngry,cutscene,special,idle,dribble,135
dm_oop_gk_turn_135_0_1_walkAngry_02,cutscene,special,idle,dribble,135
dm_oop_gk_walk_0_0_idle_walkCheerAlly,cutscene,special,idle,idle,
dm_oop_gk_walk_0_0_idle_walkCheerAlly_02,cutscene,special,idle,idle,
dm_oop_gk_walk_1_1_idle_walkCheerAlly,cutscene,special,dribble,dribble,
dm_oop_gk_walk_1_1_idle_walkCheerAlly_02,cutscene,special,dribble,dribble,
dm_oop_gkunderthrow_0_0_release,cutscene,special,idle,idle,
dm_oop_goodJob_walk_1_1_back_180,cutscene,special,dribble,dribble,180
dm_oop_goodJob_walk_1_1_walk_000_sub,cutscene,special,dribble,dribble,000
dm_oop_idle_0_0_idle_appeal_nofoul_at045,cutscene,special,idle,idle,
dm_oop_idle_0_0_idle_appeal_nofoul_at135,cutscene,special,idle,idle,
dm_oop_idle_0_0_idle_appeal_nofoul_at135_2,cutscene,special,idle,idle,
dm_oop_idle_0_0_idle_cheer_at000,cutscene,special,idle,idle,
dm_oop_idle_0_0_idle_cheer_at000_2,cutscene,special,idle,idle,
dm_oop_idle_0_0_idle_cheer_at000_3,cutscene,special,idle,idle,
dm_oop_idle_0_0_idle_cheer_at090,cutscene,special,idle,idle,
dm_oop_idle_0_0_idle_cheer_at135,cutscene,special,idle,idle,
dm_oop_idle_0_0_idle_instruct_at045,cutscene,special,idle,idle,
dm_oop_idle_0_0_idle_instruct_at045_2,cutscene,special,idle,idle,
dm_oop_idle_0_0_idle_instruct_at090,cutscene,special,idle,idle,
dm_oop_idle_0_0_idle_instruct_at135,cutscene,special,idle,idle,
dm_oop_idle_0_0_idle_tired_000,cutscene,special,idle,idle,000
dm_oop_idle_0_0_idle_tired_090,cutscene,special,idle,idle,090
dm_oop_idle_0_1_walk_045_face,cutscene,special,idle,dribble,045
dm_oop_idle_0_1_walk_045_head,cutscene,special,idle,dribble,045
dm_oop_idle_0_1_walk_045_look,cutscene,special,idle,dribble,045
dm_oop_idle_0_1_walk_045_pain,cutscene,special,idle,dribble,045
dm_oop_idle_0_1_walk_045_pain2,cutscene,special,idle,dribble,045
dm_oop_idle_0_1_walk_045_pain3,cutscene,special,idle,dribble,045
dm_oop_idle_0_1_walk_045_step,cutscene,special,idle,dribble,045
dm_oop_idle_0_1_walk_045_sweat,cutscene,special,idle,dribble,045
dm_oop_idle_0_1_walk_045_tired,cutscene,special,idle,dribble,045
dm_oop_idle_0_1_walk_045_tired2,cutscene,special,idle,dribble,045
dm_oop_idle_0_1_walk_135_face,cutscene,special,idle,dribble,135
dm_oop_idle_0_1_walk_135_head,cutscene,special,idle,dribble,135
dm_oop_idle_0_1_walk_135_look,cutscene,special,idle,dribble,135
dm_oop_idle_0_1_walk_135_pain,cutscene,special,idle,dribble,135
dm_oop_idle_0_1_walk_135_pain2,cutscene,special,idle,dribble,135
dm_oop_idle_0_1_walk_135_pain3,cutscene,special,idle,dribble,135
dm_oop_idle_0_1_walk_135_step,cutscene,special,idle,dribble,135
dm_oop_idle_0_1_walk_135_sweat,cutscene,special,idle,dribble,135
dm_oop_idle_0_1_walk_appeal_nofoul_at045,cutscene,special,idle,dribble,
dm_oop_idle_0_1_walk_appeal_nofoul_at045_3,cutscene,special,idle,dribble,
dm_oop_idle_0_1_walk_appeal_nofoul_at045_4,cutscene,special,idle,dribble,
dm_oop_idle_0_1_walk_appeal_nofoul_at045_5,cutscene,special,idle,dribble,
dm_oop_idle_0_1_walk_gutsR_045,cutscene,special,idle,dribble,045
dm_oop_idle_0_1_walk_gutsR_135,cutscene,special,idle,dribble,135
dm_oop_idle_0_1_walk_handclap_at045,cutscene,special,idle,dribble,
dm_oop_idle_0_1_walk_handclap_at045_2,cutscene,special,idle,dribble,
dm_oop_idle_0_1_walk_handclap_at135,cutscene,special,idle,dribble,
dm_oop_idle_0_1_walk_sorry_at045,cutscene,special,idle,dribble,
dm_oop_idle_0_1_walk_sorry_at135,cutscene,special,idle,dribble,
dm_oop_idle_0_1_walk_thumbsup_at045,cutscene,special,idle,dribble,
dm_oop_idle_0_1_walk_thumbsup_at135,cutscene,special,idle,dribble,
dm_oop_idle_0_3_run_handclap_at135,cutscene,special,idle,sprint,
dm_oop_inspire2_idle_0_1_walk_f135_sub,cutscene,special,idle,dribble,135
dm_oop_inspire2_walk_1_1_walk_090,cutscene,special,dribble,dribble,090
dm_oop_inspire_walk_1_1_walk_000,cutscene,special,dribble,dribble,000
dm_oop_inspire_walk_1_1_walk_000_sub,cutscene,special,dribble,dribble,000
dm_oop_instruct_idle_0_0_idle_000_sub,cutscene,special,idle,idle,000
dm_oop_instruct_run_3_0_idle_000,cutscene,special,sprint,idle,000
dm_oop_run_3_0_idle_appeal_nofoul_at135_2,cutscene,special,sprint,idle,
dm_oop_run_3_0_idle_appeal_nofoul_at135_3,cutscene,special,sprint,idle,
dm_oop_run_3_0_idle_tired_000,cutscene,special,sprint,idle,000
dm_oop_run_3_1_walk_handclap_at135,cutscene,special,sprint,dribble,
dm_oop_run_3_1_walk_protest_handUp_045,cutscene,special,sprint,dribble,045
dm_oop_run_3_1_walk_protest_handUp_135,cutscene,special,sprint,dribble,135
dm_oop_run_3_1_walk_thumbsup_at135,cutscene,special,sprint,dribble,
dm_oop_talk2_walk_1_1_walk_000,cutscene,special,dribble,dribble,000
dm_oop_talk2_walk_1_1_walk_000_sub,cutscene,special,dribble,dribble,000
dm_oop_talk3_walk_1_1_walk_000,cutscene,special,dribble,dribble,000
dm_oop_talk3_walk_1_1_walk_000_sub,cutscene,special,dribble,dribble,000
dm_oop_talk4_idle_0_1_walk_045,cutscene,special,idle,dribble,045
dm_oop_talk4_idle_0_1_walk_f135_sub,cutscene,special,idle,dribble,135
dm_oop_talk_idle_0_0_idle_090,cutscene,special,idle,idle,090
dm_oop_talk_idle_0_0_idle_090_sub,cutscene,special,idle,idle,090
dm_oop_touchHigh_idle_0_0_idle_f045_sub,cutscene,special,idle,idle,045
dm_oop_touchHigh_walk_1_1_walk_045,cutscene,special,dribble,dribble,045
dm_oop_touchLow_walk_1_1_walk_000_sub,cutscene,special,dribble,dribble,000
dm_oop_touchLow_walk_1_1_walk_045,cutscene,special,dribble,dribble,045
dm_oop_touchMid_run_3_1_back_180,cutscene,special,sprint,dribble,180
dm_oop_touchMid_walk_1_0_idle_000_sub,cutscene,special,dribble,idle,000
dm_oop_walk_1_0_idleHip_anxious,cutscene,special,dribble,idle,
dm_oop_walk_1_1_walk_045,cutscene,special,dribble,dribble,045
dm_oop_walk_1_1_walk_135,cutscene,special,dribble,dribble,135
dm_oop_walk_1_1_walk_nose,cutscene,special,dribble,dribble,
dm_oop_walk_1_1_walk_protest_handUp,cutscene,special,dribble,dribble,
dm_oop_walk_1_1_walk_sweat,cutscene,special,dribble,dribble,
dm_pfm_cornerF_kick,cutscene,special,,,
dm_pfm_cornerF_lariat,cutscene,special,,,
dm_pfm_running_0_0_jumpguts,cutscene,special,idle,idle,
dm_pfm_running_0_0_slideKnee_guts,cutscene,special,idle,idle,
dm_pfm_running_0_0_starjump_f180,cutscene,special,idle,idle,180
dm_pfm_running_3_3_jumpGuts,cutscene,special,sprint,sprint,
dm_pfm_running_3_3_jumpUppercut,cutscene,special,sprint,sprint,
dm_pfm_running_3_3_jumpunderguts,cutscene,special,sprint,sprint,
dm_pfm_running_3_3_rotationJumpGuts,cutscene,special,sprint,sprint,
dm_pfm_running_provocation,cutscene,special,,,
dm_tu_idle_0_0_idle_fallBackWard,cutscene,special,idle,idle,
dm_tu_idle_0_0_idle_gutsR,cutscene,special,idle,idle,
dm_tu_idle_0_0_idle_guts_banzai,cutscene,special,idle,idle,
dm_tu_idle_0_0_idle_guts_high,cutscene,special,idle,idle,
dm_tu_idle_0_0_idle_guts_kneel,cutscene,special,idle,idle,
dm_tu_idle_0_1_walk_guts_low,cutscene,special,idle,dribble,
dm_tu_idle_0_1_walk_guts_low_2,cutscene,special,idle,dribble,
dm_tu_idle_0_1_walk_stocking,cutscene,special,idle,dribble,
dm_tu_run_3_0_idle_gutsR,cutscene,special,sprint,idle,
dm_tu_run_3_0_idle_guts_banzai,cutscene,special,sprint,idle,
dm_tu_run_3_0_idle_guts_high,cutscene,special,sprint,idle,
dm_tu_run_3_0_idle_guts_kneel,cutscene,special,sprint,idle,
dm_tu_run_3_0_idle_stocking,cutscene,special,sprint,idle,
dm_tu_run_3_1_walk_guts_low,cutscene,special,sprint,dribble,
dm_tu_walk_1_0_idle_gutsR,cutscene,special,dribble,idle,
dm_tu_walk_1_0_idle_guts_banzai,cutscene,special,dribble,idle,
dm_tu_walk_1_0_idle_guts_high,cutscene,special,dribble,idle,
dm_tu_walk_1_0_idle_guts_kneel,cutscene,special,dribble,idle,
dm_tu_walk_1_0_idle_hip,cutscene,special,dribble,idle,
dm_tu_walk_1_1_walk_guts_banzai,cutscene,special,dribble,dribble,
dm_tu_walk_1_1_walk_guts_high,cutscene,special,dribble,dribble,
dm_tu_walk_1_1_walk_guts_high_2,cutscene,special,dribble,dribble,
dm_tu_walk_1_1_walk_guts_low,cutscene,special,dribble,dribble,
dm_tu_walk_1_1_walk_guts_low_2,cutscene,special,dribble,dribble,
dm_tu_walk_1_1_walk_handclap,cutscene,special,dribble,dribble,
dm_tu_walk_1_1_walk_handclap_high,cutscene,special,dribble,dribble,
dm_tu_walk_1_1_walk_handclap_low,cutscene,special,dribble,dribble,
dodge_0_0_045_crouch,other,unknown,idle,idle,045
dodge_0_0_045_slide_low,other,unknown,idle,idle,045
dodge_0_0_045_slide_up,other,unknown,idle,idle,045
dodge_0_0_045_slide_waisthigh_roll,other,unknown,idle,idle,045
dodge_2_0_045_crouch,other,unknown,walk,idle,045
dodge_2_0_045_slide_low_roll,other,unknown,walk,idle,045
dodge_2_0_045_slide_up,other,unknown,walk,idle,045
dodge_2_0_045_slide_waisthigh_roll,other,unknown,walk,idle,045
dribble_0_0_000_loop,locomotion,movement,idle,idle,000
dribble_0_0_000_loop_stand,locomotion,movement,idle,idle,000
dribble_0_0_000_loop_to_loop_stand,locomotion,movement,idle,idle,000
dribble_0_0_000_y1_lobball_instep,locomotion,movement,idle,idle,000
dribble_0_0_045,locomotion,movement,idle,idle,045
dribble_0_0_090,locomotion,movement,idle,idle,090
dribble_0_0_135,locomotion,movement,idle,idle,135
dribble_0_0_180,locomotion,movement,idle,idle,180
dribble_0_0_f045_y1_lobball_instep,locomotion,movement,idle,idle,045
dribble_0_0_f090_y1_lobball_instep,locomotion,movement,idle,idle,090
dribble_0_0_f135_y1_lobball_instep,locomotion,movement,idle,idle,135
dribble_0_0_f180_y1_lobball_instep,locomotion,movement,idle,idle,180
dribble_0_3_000_in,locomotion,movement,idle,sprint,000
dribble_0_3_000_near_sole,locomotion,movement,idle,sprint,000
dribble_0_3_000_out_ver2,locomotion,movement,idle,sprint,000
dribble_0_3_000_side_y0_in_ver21,locomotion,movement,idle,sprint,000
dribble_0_3_000_sole,locomotion,movement,idle,sprint,000
dribble_0_3_000_y2_in,locomotion,movement,idle,sprint,000
dribble_0_3_000_y5_breast_ver10,locomotion,movement,idle,sprint,000
dribble_0_3_000_y6_breast_ver01,locomotion,movement,idle,sprint,000
dribble_0_3_000_y6_head_ver10,locomotion,movement,idle,sprint,000
dribble_0_3_000_y7_head_ver20,locomotion,movement,idle,sprint,000
dribble_0_3_045_in_ver12,locomotion,movement,idle,sprint,045
dribble_0_3_045_sole,locomotion,movement,idle,sprint,045
dribble_0_3_045_y0_in_ver11,locomotion,movement,idle,sprint,045
dribble_0_3_090_in_ver2,locomotion,movement,idle,sprint,090
dribble_0_3_090_sole,locomotion,movement,idle,sprint,090
dribble_0_3_090_y0_in_ver11,locomotion,movement,idle,sprint,090
dribble_0_3_090_y0_near_sole_ver03,locomotion,movement,idle,sprint,090
dribble_0_3_090_y1_far_in_ver12,locomotion,movement,idle,sprint,090
dribble_0_3_135_axisback_in,locomotion,movement,idle,sprint,135
dribble_0_3_135_in_ver2,locomotion,movement,idle,sprint,135
dribble_0_3_135_sole,locomotion,movement,idle,sprint,135
dribble_0_3_180_axisback_in,locomotion,movement,idle,sprint,180
dribble_0_3_180_axisback_sole,locomotion,movement,idle,sprint,180
dribble_0_3_f022_y1_out_ver12,locomotion,movement,idle,sprint,022
dribble_0_3_f045_out_ver1,locomotion,movement,idle,sprint,045
dribble_0_3_f045_side_y0_out_ver23,locomotion,movement,idle,sprint,045
dribble_0_3_f045_y1_out_ver12,locomotion,movement,idle,sprint,045
dribble_0_3_f045_y5_breast_ver10,locomotion,movement,idle,sprint,045
dribble_0_3_f045_y5_head_ver10,locomotion,movement,idle,sprint,045
dribble_0_3_f045_y6_breast_ver10,locomotion,movement,idle,sprint,045
dribble_0_3_f045_y6_head_ver10,locomotion,movement,idle,sprint,045
dribble_0_3_f090_out_ver1,locomotion,movement,idle,sprint,090
dribble_0_3_f090_side_y0_out_ver23,locomotion,movement,idle,sprint,090
dribble_0_3_f135_out_ver12,locomotion,movement,idle,sprint,135
dribble_0_3_f135_sole,locomotion,movement,idle,sprint,135
dribble_0_3_f180_out,locomotion,movement,idle,sprint,180
dribble_0_3_f180_sole,locomotion,movement,idle,sprint,180
dribble_0_3_slide045_135_y0_sole_ver21,locomotion,movement,idle,sprint,135
dribble_0_3_slide045_180_y0_sole_ver21,locomotion,movement,idle,sprint,180
dribble_0_3_slide090_135_y0_sole_ver21,locomotion,movement,idle,sprint,135
dribble_0_3_slide090_180_y0_sole_ver21,locomotion,movement,idle,sprint,180
dribble_0_3_slide_045_side_y0_in_ver21,locomotion,movement,idle,sprint,045
dribble_0_3_slide_045_sole_ver12,locomotion,movement,idle,sprint,045
dribble_0_3_slide_045_y0_in_ver20,locomotion,movement,idle,sprint,045
dribble_0_3_slide_090_in_ver7,locomotion,movement,idle,sprint,090
dribble_0_3_slide_090_side_y0_in_ver21,locomotion,movement,idle,sprint,090
dribble_0_3_slide_090_sole_ver12,locomotion,movement,idle,sprint,090
dribble_0_3_slide_090_y0_in_ver20,locomotion,movement,idle,sprint,090
dribble_0_3_slide_180_sole_v3,locomotion,movement,idle,sprint,180
dribble_0_3_slide_f045_out_ver7,locomotion,movement,idle,sprint,045
dribble_0_3_slide_f090_out_ver7,locomotion,movement,idle,sprint,090
dribble_0_4_000_in,locomotion,movement,idle,sprint,000
dribble_0_4_000_out,locomotion,movement,idle,sprint,000
dribble_0_4_000_y0_out_4cycle1touch_ver23,locomotion,movement,idle,sprint,000
dribble_0_4_000_y0_out_4cycle3touchA_ver23,locomotion,movement,idle,sprint,000
dribble_0_4_000_y0_out_4cycle3touchB_ver23,locomotion,movement,idle,sprint,000
dribble_0_4_000_y0_out_4cycle3touchC_ver23,locomotion,movement,idle,sprint,000
dribble_0_4_000_y0_toe_avoid_ver20,locomotion,movement,idle,sprint,000
dribble_0_4_045_y0_in_ver12,locomotion,movement,idle,sprint,045
dribble_0_4_090_sidenear_y0_in_ver12,locomotion,movement,idle,sprint,090
dribble_0_4_f045_out_avoid,locomotion,movement,idle,sprint,045
dribble_0_4_f045_out_ver12,locomotion,movement,idle,sprint,045
dribble_0_4_f090_y0_out_ver20,locomotion,movement,idle,sprint,090
dribble_guardback_0_3_000_y0_far_out_ver03,locomotion,movement,idle,sprint,000
dribble_guardback_0_3_000_y0_far_sole_ver03,locomotion,movement,idle,sprint,000
dribble_guardback_0_3_045_y0_far_in_ver03,locomotion,movement,idle,sprint,045
dribble_guardback_0_3_090_y0_far_in_ver01,locomotion,movement,idle,sprint,090
dribble_guardback_0_3_135_y0_far_in_ver03,locomotion,movement,idle,sprint,135
dribble_guardback_0_3_f045_y0_far_out_ver03,locomotion,movement,idle,sprint,045
dribble_guardback_0_3_f090_y0_far_out_ver03,locomotion,movement,idle,sprint,090
dribble_guardback_0_3_f135_y0_far_out_ver03,locomotion,movement,idle,sprint,135
dribble_guardside_0_3_f225_sidenear_y0_sole_ver03,locomotion,movement,idle,sprint,225
dribble_stagger_0_3_090_y0_in_hard_ver23,locomotion,movement,idle,sprint,090
dribble_stagger_0_3_090_y0_veryfar_in_hard_ver21,locomotion,movement,idle,sprint,090
dribble_stagger_0_3_135_y0_far_in_hard_ver21,locomotion,movement,idle,sprint,135
dribble_stagger_0_3_f135_y0_far_out_hard_ver23,locomotion,movement,idle,sprint,135
dribblerun_1_1_000_y0_notouch_ver20,locomotion,movement,dribble,dribble,000
dribblerun_1_1_000_y0_notouch_ver21,locomotion,movement,dribble,dribble,000
dribblerun_1_1_000_y0_out_ver10,locomotion,movement,dribble,dribble,000
dribblerun_1_3_180_y0_axisback_sole_ver12,locomotion,movement,dribble,sprint,180
dribblerun_1_3_f045_sidenear_y1_out_ver12,locomotion,movement,dribble,sprint,045
dribblerun_1_3_f045_y0_out_tripletouchC_ver02,locomotion,movement,dribble,sprint,045
dribblerun_2_0_f135_out_ver01,locomotion,movement,walk,idle,135
dribblerun_2_1_180_y0_axisback_sole_ver12,locomotion,movement,walk,dribble,180
dribblerun_2_1_slide090_180_sidemid_y0_sole_ver03,locomotion,movement,walk,dribble,180
dribblerun_2_2_000_slide_045_y0_notouch_ver03,locomotion,movement,walk,walk,000
dribblerun_2_2_000_slide_090_y0_notouch_ver03,locomotion,movement,walk,walk,000
dribblerun_2_2_000_y0_notouch_ver10,locomotion,movement,walk,walk,000
dribblerun_2_2_000_y0_notouch_ver21,locomotion,movement,walk,walk,000
dribblerun_2_2_000_y0_notouch_ver23,locomotion,movement,walk,walk,000
dribblerun_2_2_000_y0_out_ver03,locomotion,movement,walk,walk,000
dribblerun_2_2_135_y2_far_instep_ver12,locomotion,movement,walk,walk,135
dribblerun_2_2_180_y0_in_ver01,locomotion,movement,walk,walk,180
dribblerun_2_2_f045_y0_out_ver03,locomotion,movement,walk,walk,045
dribblerun_2_2_f090_sidenear_y0_out_ver01,locomotion,movement,walk,walk,090
dribblerun_2_2_f090_y0_out_tripletouchB_ver02,locomotion,movement,walk,walk,090
dribblerun_2_2_f135_y0_out_tripletouchB_ver02,locomotion,movement,walk,walk,135
dribblerun_2_3_045_sidemid_y0_far_in_ver12,locomotion,movement,walk,sprint,045
dribblerun_2_3_045_y1_in_ver01,locomotion,movement,walk,sprint,045
dribblerun_2_3_090_y0_in_ver01,locomotion,movement,walk,sprint,090
dribblerun_2_3_135_axisback_in,locomotion,movement,walk,sprint,135
dribblerun_2_3_135_in_cp,locomotion,movement,walk,sprint,135
dribblerun_2_3_135_sole_ver3,locomotion,movement,walk,sprint,135
dribblerun_2_3_135_y0_in_ver01,locomotion,movement,walk,sprint,135
dribblerun_2_3_180_axisback_in,locomotion,movement,walk,sprint,180
dribblerun_2_3_180_in_cp,locomotion,movement,walk,sprint,180
dribblerun_2_3_f090_y0_out_ver01,locomotion,movement,walk,sprint,090
dribblerun_2_3_f135_out,locomotion,movement,walk,sprint,135
dribblerun_2_3_f135_y0_out_ver01,locomotion,movement,walk,sprint,135
dribblerun_2_3_f180_y0_out_ver01,locomotion,movement,walk,sprint,180
dribblerun_2_4_000_in_ver12,locomotion,movement,walk,sprint,000
dribblerun_2_4_000_out_ver2,locomotion,movement,walk,sprint,000
dribblerun_2_4_022_in,locomotion,movement,walk,sprint,022
dribblerun_2_4_045_in_ver12,locomotion,movement,walk,sprint,045
dribblerun_2_4_067_in_ver12,locomotion,movement,walk,sprint,067
dribblerun_2_4_f022_out,locomotion,movement,walk,sprint,022
dribblerun_2_4_f045_out_ver2,locomotion,movement,walk,sprint,045
dribblerun_2_4_f067_out_ver2,locomotion,movement,walk,sprint,067
dribblerun_3_0_000_sole,locomotion,movement,sprint,idle,000
dribblerun_3_0_045_in,locomotion,movement,sprint,idle,045
dribblerun_3_0_045_sole_ver12,locomotion,movement,sprint,idle,045
dribblerun_3_0_045_y1_sole_ver7,locomotion,movement,sprint,idle,045
dribblerun_3_0_090_in_ver2,locomotion,movement,sprint,idle,090
dribblerun_3_0_090_y0_sole_ver03,locomotion,movement,sprint,idle,090
dribblerun_3_0_135_in,locomotion,movement,sprint,idle,135
dribblerun_3_0_135_sole_ver12,locomotion,movement,sprint,idle,135
dribblerun_3_0_135_y1_far_in_ver13,locomotion,movement,sprint,idle,135
dribblerun_3_0_180_in,locomotion,movement,sprint,idle,180
dribblerun_3_0_180_sole_ver12,locomotion,movement,sprint,idle,180
dribblerun_3_0_180_y0_far_sole_ver12,locomotion,movement,sprint,idle,180
dribblerun_3_0_f045_out_ver12,locomotion,movement,sprint,idle,045
dribblerun_3_0_f045_sole_ver12,locomotion,movement,sprint,idle,045
dribblerun_3_0_f090_out_ver12,locomotion,movement,sprint,idle,090
dribblerun_3_0_f090_sidenear_y1_out_ver13,locomotion,movement,sprint,idle,090
dribblerun_3_0_f090_sole_ver12,locomotion,movement,sprint,idle,090
dribblerun_3_0_f135_out_ver12,locomotion,movement,sprint,idle,135
dribblerun_3_0_f135_sole_ver12,locomotion,movement,sprint,idle,135
dribblerun_3_0_f135_y0_out_ver03,locomotion,movement,sprint,idle,135
dribblerun_3_0_f180_out,locomotion,movement,sprint,idle,180
dribblerun_3_1_f045_y0_out_tripletouchA_ver02,locomotion,movement,sprint,dribble,045
dribblerun_3_1_f090_y0_out_tripletouchA_ver02,locomotion,movement,sprint,dribble,090
dribblerun_3_2_090_sidenearRev_y0_near_in_ver12,locomotion,movement,sprint,walk,090
dribblerun_3_2_225_y0_axisback_sole_ver03,locomotion,movement,sprint,walk,225
dribblerun_3_2_f045_y1_out_ver01,locomotion,movement,sprint,walk,045
dribblerun_3_2_f180_out,locomotion,movement,sprint,walk,180
dribblerun_3_3_000_in,locomotion,movement,sprint,sprint,000
dribblerun_3_3_000_in_far,locomotion,movement,sprint,sprint,000
dribblerun_3_3_000_mid_out_ver2,locomotion,movement,sprint,sprint,000
dribblerun_3_3_000_out_far,locomotion,movement,sprint,sprint,000
dribblerun_3_3_000_out_near,locomotion,movement,sprint,sprint,000
dribblerun_3_3_000_out_ver3,locomotion,movement,sprint,sprint,000
dribblerun_3_3_000_slide_045_in_ver12,locomotion,movement,sprint,sprint,000
dribblerun_3_3_000_slide_045_in_ver7,locomotion,movement,sprint,sprint,000
dribblerun_3_3_000_slide_045_sole_ver12,locomotion,movement,sprint,sprint,000
dribblerun_3_3_000_slide_045_y0_notouch_ver10,locomotion,movement,sprint,sprint,000
dribblerun_3_3_000_slide_090_in_ver12,locomotion,movement,sprint,sprint,000
dribblerun_3_3_000_slide_090_in_ver7,locomotion,movement,sprint,sprint,000
dribblerun_3_3_000_slide_090_sole_ver12,locomotion,movement,sprint,sprint,000
dribblerun_3_3_000_slide_090_sole_ver5,locomotion,movement,sprint,sprint,000
dribblerun_3_3_000_slide_090_y0_notouch_ver10,locomotion,movement,sprint,sprint,000
dribblerun_3_3_000_slide_180_sole,locomotion,movement,sprint,sprint,000
dribblerun_3_3_000_slide_180_sole_ver12,locomotion,movement,sprint,sprint,000
dribblerun_3_3_000_y0_near_in_ver12,locomotion,movement,sprint,sprint,000
dribblerun_3_3_000_y0_notouch_ver03,locomotion,movement,sprint,sprint,000
dribblerun_3_3_000_y0_notouch_ver23,locomotion,movement,sprint,sprint,000
dribblerun_3_3_000_y0_out_ver13,locomotion,movement,sprint,sprint,000
dribblerun_3_3_000_y0_out_ver23,locomotion,movement,sprint,sprint,000
dribblerun_3_3_000_y1_far_out_ver12,locomotion,movement,sprint,sprint,000
dribblerun_3_3_000_y2_instep_ver12,locomotion,movement,sprint,sprint,000
dribblerun_3_3_000_y2_toe_ver12,locomotion,movement,sprint,sprint,000
dribblerun_3_3_000_y4_thigh_ver13,locomotion,movement,sprint,sprint,000
dribblerun_3_3_000_y7_breast_ver12,locomotion,movement,sprint,sprint,000
dribblerun_3_3_000_y8_head,locomotion,movement,sprint,sprint,000
dribblerun_3_3_011_y1_far_in_ver03,locomotion,movement,sprint,sprint,011
dribblerun_3_3_022_in_far,locomotion,movement,sprint,sprint,022
dribblerun_3_3_022_in_ver1,locomotion,movement,sprint,sprint,022
dribblerun_3_3_022_y2_in_ver03,locomotion,movement,sprint,sprint,022
dribblerun_3_3_022_y6_breast,locomotion,movement,sprint,sprint,022
dribblerun_3_3_045_in_far,locomotion,movement,sprint,sprint,045
dribblerun_3_3_045_in_ver5,locomotion,movement,sprint,sprint,045
dribblerun_3_3_045_mid_in_ver2,locomotion,movement,sprint,sprint,045
dribblerun_3_3_045_slide_045_sole_ver12,locomotion,movement,sprint,sprint,045
dribblerun_3_3_045_y0_far_in_ver12,locomotion,movement,sprint,sprint,045
dribblerun_3_3_045_y0_in_ver03,locomotion,movement,sprint,sprint,045
dribblerun_3_3_045_y1_in_ver10,locomotion,movement,sprint,sprint,045
dribblerun_3_3_045_y2_in,locomotion,movement,sprint,sprint,045
dribblerun_3_3_067_in_far,locomotion,movement,sprint,sprint,067
dribblerun_3_3_067_in_ver12,locomotion,movement,sprint,sprint,067
dribblerun_3_3_090_slide_090_sole_ver12,locomotion,movement,sprint,sprint,090
dribblerun_3_3_135_slide_090_in_ver4,locomotion,movement,sprint,sprint,135
dribblerun_3_3_135_y3_in_ver7,locomotion,movement,sprint,sprint,135
dribblerun_3_3_180_slide_090_in_ver6,locomotion,movement,sprint,sprint,180
dribblerun_3_3_180_y0_in_ver20,locomotion,movement,sprint,sprint,180
dribblerun_3_3_f011_sidefar_y1_in_ver12,locomotion,movement,sprint,sprint,011
dribblerun_3_3_f011_y1_near_out_ver01,locomotion,movement,sprint,sprint,011
dribblerun_3_3_f011_y1_out_far_ver12,locomotion,movement,sprint,sprint,011
dribblerun_3_3_f011_y6_breast_ver01,locomotion,movement,sprint,sprint,011
dribblerun_3_3_f022_out_far,locomotion,movement,sprint,sprint,022
dribblerun_3_3_f022_sidenearRev_y1_far_out_ver13,locomotion,movement,sprint,sprint,022
dribblerun_3_3_f022_sidenear_y1_near_out_ver12,locomotion,movement,sprint,sprint,022
dribblerun_3_3_f022_sidenear_y1_out_ver12,locomotion,movement,sprint,sprint,022
dribblerun_3_3_f022_y0_out_ver12,locomotion,movement,sprint,sprint,022
dribblerun_3_3_f045_out_far,locomotion,movement,sprint,sprint,045
dribblerun_3_3_f045_out_ver2,locomotion,movement,sprint,sprint,045
dribblerun_3_3_f045_sidenear_y0_out_ver12,locomotion,movement,sprint,sprint,045
dribblerun_3_3_f045_sidenear_y3_far_instep_ver12,locomotion,movement,sprint,sprint,045
dribblerun_3_3_f045_y1_far_ver01,locomotion,movement,sprint,sprint,045
dribblerun_3_3_f045_y2_out,locomotion,movement,sprint,sprint,045
dribblerun_3_3_f067_out,locomotion,movement,sprint,sprint,067
dribblerun_3_3_f067_out_far,locomotion,movement,sprint,sprint,067
dribblerun_3_3_f135_slide_090_in_ver7,locomotion,movement,sprint,sprint,135
dribblerun_3_3_f135_y2_out,locomotion,movement,sprint,sprint,135
dribblerun_3_3_f135_y4_out,locomotion,movement,sprint,sprint,135
dribblerun_3_3_f135_y6_out,locomotion,movement,sprint,sprint,135
dribblerun_3_3_s_000_sole_guard,locomotion,movement,sprint,sprint,000
dribblerun_3_3_s_022_in_guard,locomotion,movement,sprint,sprint,022
dribblerun_3_3_s_f022_out,locomotion,movement,sprint,sprint,022
dribblerun_3_3_s_f045_out,locomotion,movement,sprint,sprint,045
dribblerun_3_3_s_f045_out_guard,locomotion,movement,sprint,sprint,045
dribblerun_3_3_s_f067_out,locomotion,movement,sprint,sprint,067
dribblerun_3_3_s_f067_out_guard,locomotion,movement,sprint,sprint,067
dribblerun_3_3_s_f090_out,locomotion,movement,sprint,sprint,090
dribblerun_3_3_s_f090_out_guard,locomotion,movement,sprint,sprint,090
dribblerun_3_3_s_f135_out,locomotion,movement,sprint,sprint,135
dribblerun_3_3_s_f135_out_guard,locomotion,movement,sprint,sprint,135
dribblerun_3_3_s_f180_out,locomotion,movement,sprint,sprint,180
dribblerun_3_3_s_f180_out_guard,locomotion,movement,sprint,sprint,180
dribblerun_3_3_s_f225_out,locomotion,movement,sprint,sprint,225
dribblerun_3_3_slide_045_in_ver6,locomotion,movement,sprint,sprint,045
dribblerun_3_3_slide_045_sole_ver3,locomotion,movement,sprint,sprint,045
dribblerun_3_3_slide_045_y0_in_ver20,locomotion,movement,sprint,sprint,045
dribblerun_3_3_slide_090_270_y0_far_sole_sole_ver12,locomotion,movement,sprint,sprint,090
dribblerun_3_3_slide_090_in_ver7,locomotion,movement,sprint,sprint,090
dribblerun_3_3_slide_180_sole,locomotion,movement,sprint,sprint,180
dribblerun_3_3_slide_f045_out_ver7,locomotion,movement,sprint,sprint,045
dribblerun_3_3_slide_f090_out_ver7,locomotion,movement,sprint,sprint,090
dribblerun_3_4_000_in_far,locomotion,movement,sprint,sprint,000
dribblerun_3_4_000_in_ver12,locomotion,movement,sprint,sprint,000
dribblerun_3_4_000_out_far,locomotion,movement,sprint,sprint,000
dribblerun_3_4_000_y0_out_ver20,locomotion,movement,sprint,sprint,000
dribblerun_3_4_000_y0_toe_avoid_ver20,locomotion,movement,sprint,sprint,000
dribblerun_3_4_000_y4_waist_ver03,locomotion,movement,sprint,sprint,000
dribblerun_3_4_022_in_far,locomotion,movement,sprint,sprint,022
dribblerun_3_4_022_sidemid_y1_far_instep_ver12,locomotion,movement,sprint,sprint,022
dribblerun_3_4_022_sidenear_y0_ver01,locomotion,movement,sprint,sprint,022
dribblerun_3_4_045_in_far,locomotion,movement,sprint,sprint,045
dribblerun_3_4_045_in_ver2,locomotion,movement,sprint,sprint,045
dribblerun_3_4_067_in_ver2,locomotion,movement,sprint,sprint,067
dribblerun_3_4_f022_out_avoid,locomotion,movement,sprint,sprint,022
dribblerun_3_4_f022_out_far,locomotion,movement,sprint,sprint,022
dribblerun_3_4_f022_out_ver3,locomotion,movement,sprint,sprint,022
dribblerun_3_4_f022_y2_out_ver01,locomotion,movement,sprint,sprint,022
dribblerun_3_4_f045_out_avoid,locomotion,movement,sprint,sprint,045
dribblerun_3_4_f045_out_far,locomotion,movement,sprint,sprint,045
dribblerun_3_4_f045_out_ver2,locomotion,movement,sprint,sprint,045
dribblerun_3_4_f067_out_ver2,locomotion,movement,sprint,sprint,067
dribblerun_4_0_000_in,locomotion,movement,sprint,idle,000
dribblerun_4_0_000_out,locomotion,movement,sprint,idle,000
dribblerun_4_0_000_sole,locomotion,movement,sprint,idle,000
dribblerun_4_0_045_in,locomotion,movement,sprint,idle,045
dribblerun_4_0_045_sole,locomotion,movement,sprint,idle,045
dribblerun_4_0_090_in,locomotion,movement,sprint,idle,090
dribblerun_4_0_090_sole,locomotion,movement,sprint,idle,090
dribblerun_4_0_135_in,locomotion,movement,sprint,idle,135
dribblerun_4_0_135_sole,locomotion,movement,sprint,idle,135
dribblerun_4_0_180_in,locomotion,movement,sprint,idle,180
dribblerun_4_0_f045_out,locomotion,movement,sprint,idle,045
dribblerun_4_0_f090_out,locomotion,movement,sprint,idle,090
dribblerun_4_0_f135_out,locomotion,movement,sprint,idle,135
dribblerun_4_0_f180_out,locomotion,movement,sprint,idle,180
dribblerun_4_3_f045_y3_out_ver12,locomotion,movement,sprint,sprint,045
dribblerun_4_4_000_in,locomotion,movement,sprint,sprint,000
dribblerun_4_4_000_in_far,locomotion,movement,sprint,sprint,000
dribblerun_4_4_000_in_near,locomotion,movement,sprint,sprint,000
dribblerun_4_4_000_out,locomotion,movement,sprint,sprint,000
dribblerun_4_4_000_out_far,locomotion,movement,sprint,sprint,000
dribblerun_4_4_000_out_near,locomotion,movement,sprint,sprint,000
dribblerun_4_4_000_side_y0_out_ver21,locomotion,movement,sprint,sprint,000
dribblerun_4_4_000_y0_far_out_ver23,locomotion,movement,sprint,sprint,000
dribblerun_4_4_000_y0_near_out_ver21,locomotion,movement,sprint,sprint,000
dribblerun_4_4_000_y0_out_ver21,locomotion,movement,sprint,sprint,000
dribblerun_4_4_011_y0_in_ver21,locomotion,movement,sprint,sprint,011
dribblerun_4_4_022_in_far,locomotion,movement,sprint,sprint,022
dribblerun_4_4_022_mid_in_ver2,locomotion,movement,sprint,sprint,022
dribblerun_4_4_022_side_y0_in_ver23,locomotion,movement,sprint,sprint,022
dribblerun_4_4_022_y1_far_in_ver01,locomotion,movement,sprint,sprint,022
dribblerun_4_4_022_y4_thigh_ver13,locomotion,movement,sprint,sprint,022
dribblerun_4_4_022_y5_near_thigh_ver01,locomotion,movement,sprint,sprint,022
dribblerun_4_4_022_y6_head,locomotion,movement,sprint,sprint,022
dribblerun_4_4_045_in,locomotion,movement,sprint,sprint,045
dribblerun_4_4_045_in_far,locomotion,movement,sprint,sprint,045
dribblerun_4_4_045_y2_in,locomotion,movement,sprint,sprint,045
dribblerun_4_4_045_y4_knee,locomotion,movement,sprint,sprint,045
dribblerun_4_4_f011_sideRev_y0_far_out_ver21,locomotion,movement,sprint,sprint,011
dribblerun_4_4_f011_y0_out_ver23,locomotion,movement,sprint,sprint,011
dribblerun_4_4_f022_mid_out_ver1,locomotion,movement,sprint,sprint,022
dribblerun_4_4_f022_out_far,locomotion,movement,sprint,sprint,022
dribblerun_4_4_f022_y0_far_out_ver21,locomotion,movement,sprint,sprint,022
dribblerun_4_4_f022_y1_out_ver12,locomotion,movement,sprint,sprint,022
dribblerun_4_4_f022_y2_shin_ver03,locomotion,movement,sprint,sprint,022
dribblerun_4_4_f022_y3_out_ver03,locomotion,movement,sprint,sprint,022
dribblerun_4_4_f022_y3_thigh_ver_13,locomotion,movement,sprint,sprint,022
dribblerun_4_4_f045_out,locomotion,movement,sprint,sprint,045
dribblerun_4_4_f045_out_far,locomotion,movement,sprint,sprint,045
dribblerun_4_4_f045_y2_out,locomotion,movement,sprint,sprint,045
dribblerun_4_4_f045_y4_out,locomotion,movement,sprint,sprint,045
dribblerun_guardback_2_2_000_y0_out_ver12,locomotion,movement,walk,walk,000
dribblerun_guardback_2_2_000_y0_sole_ver12,locomotion,movement,walk,walk,000
dribblerun_guardback_2_3_000_y0_out_ver12,locomotion,movement,walk,sprint,000
dribblerun_guardback_3_3_000_y0_out_ver20,locomotion,movement,sprint,sprint,000
dribblerun_guardback_3_3_f022_y0_out_ver20,locomotion,movement,sprint,sprint,022
dribblerun_guardside_3_3_000_y0_in_ver20,locomotion,movement,sprint,sprint,000
dribblerun_guardside_3_3_000_y0_out,locomotion,movement,sprint,sprint,000
dribblerun_guardside_3_3_000_y0_out_ver20,locomotion,movement,sprint,sprint,000
dribblerun_guardside_3_3_022_y0_in,locomotion,movement,sprint,sprint,022
dribblerun_guardside_3_3_f022_y0_out,locomotion,movement,sprint,sprint,022
dribblerun_preslowdown_2_3_135_in_ver20,locomotion,movement,walk,sprint,135
dribblerun_preslowdown_2_3_f135_y0_out_ver20,locomotion,movement,walk,sprint,135
dribblerun_preslowdown_3_3_090_in_ver20,locomotion,movement,sprint,sprint,090
dribblerun_preslowdown_3_3_180_y0_in_ver20,locomotion,movement,sprint,sprint,180
dribblerun_preslowdown_3_3_f090_y0_out_ver20,locomotion,movement,sprint,sprint,090
dribblerun_preslowdown_3_3_f180_y0_out_ver20,locomotion,movement,sprint,sprint,180
dribblerun_stagger_1_2_135_y0_in_ver01,locomotion,movement,dribble,walk,135
dribblerun_stagger_1_3_090_y0_in_ver01,locomotion,movement,dribble,sprint,090
dribblerun_stagger_1_3_f135_y0_far_out_ver03,locomotion,movement,dribble,sprint,135
dribblerun_staggertouch_3_3_000,locomotion,movement,sprint,sprint,000
dribblerun_staggertouch_3_3_000_hard,locomotion,movement,sprint,sprint,000
dribblerun_staggertouch_3_3_045_hard,locomotion,movement,sprint,sprint,045
dribblerun_staggertouch_3_3_067,locomotion,movement,sprint,sprint,067
dribblerun_staggertouch_3_3_f045_hard,locomotion,movement,sprint,sprint,045
dribblerun_staggertouch_3_3_f067,locomotion,movement,sprint,sprint,067
dribbleslide000_3_3_slide000_000_y0_in_ver12,locomotion,movement,sprint,sprint,000
dribbleslide000_3_3_slide000_000_y0_in_ver20,locomotion,movement,sprint,sprint,000
dribbleslide000_3_3_slide000_000_y0_sole_ver12,locomotion,movement,sprint,sprint,000
dribbleslide000_3_3_slide_000_in_ver12,locomotion,movement,sprint,sprint,000
dribbleslide000_3_3_slide_000_out_ver12,locomotion,movement,sprint,sprint,000
dribbleslide000_guardback_3_3_slide_000_guardback_y0_sole_ver20,locomotion,movement,sprint,sprint,000
dribbleslide045_2_2_slide_045_y0_notouch_ver20,locomotion,movement,walk,walk,045
dribbleslide045_3_0_000_in_Ltouch_ver12,locomotion,movement,sprint,idle,000
dribbleslide045_3_0_000_sole_Ltouch_ver12,locomotion,movement,sprint,idle,000
dribbleslide045_3_1_slide_045_y0_notouch_A_ver21,locomotion,movement,sprint,dribble,045
dribbleslide045_3_1_slide_045_y0_notouch_B_ver21,locomotion,movement,sprint,dribble,045
dribbleslide045_3_1_slide_045_y0_notouch_C_ver21,locomotion,movement,sprint,dribble,045
dribbleslide045_3_1_slide_045_y0_notouch_D_ver21,locomotion,movement,sprint,dribble,045
dribbleslide045_3_1_slide_045_y0_notouch_E_ver21,locomotion,movement,sprint,dribble,045
dribbleslide045_3_1_slide_045_y0_notouch_F_ver21,locomotion,movement,sprint,dribble,045
dribbleslide045_3_3_000_in_Ltouch,locomotion,movement,sprint,sprint,000
dribbleslide045_3_3_000_y0_out_ver21,locomotion,movement,sprint,sprint,000
dribbleslide045_3_3_045_y0_in_ver21,locomotion,movement,sprint,sprint,045
dribbleslide045_3_3_090_in,locomotion,movement,sprint,sprint,090
dribbleslide045_3_3_135_in,locomotion,movement,sprint,sprint,135
dribbleslide045_3_3_180_in,locomotion,movement,sprint,sprint,180
dribbleslide045_3_3_f045_in_Ltouch,locomotion,movement,sprint,sprint,045
dribbleslide045_3_3_f045_in_Ltouch_ver2,locomotion,movement,sprint,sprint,045
dribbleslide045_3_3_f045_y0_out_ver21,locomotion,movement,sprint,sprint,045
dribbleslide045_3_3_f090_in_Ltouch,locomotion,movement,sprint,sprint,090
dribbleslide045_3_3_f090_y0_out_ver21,locomotion,movement,sprint,sprint,090
dribbleslide045_3_3_f135_in_Ltouch,locomotion,movement,sprint,sprint,135
dribbleslide045_3_3_f135_y0_out_ver21,locomotion,movement,sprint,sprint,135
dribbleslide045_3_3_slide_045_in_ver7,locomotion,movement,sprint,sprint,045
dribbleslide045_3_3_slide_045_sole_ver12,locomotion,movement,sprint,sprint,045
dribbleslide045_3_3_slide_045_y0_in_ver20,locomotion,movement,sprint,sprint,045
dribbleslide045_3_3_slide_090_sole,locomotion,movement,sprint,sprint,090
dribbleslide045_3_3_slide_180_sole_L,locomotion,movement,sprint,sprint,180
dribbleslide045_3_3_slide_f045_in_Ltouch,locomotion,movement,sprint,sprint,045
dribbleslide045_3_3_slide_f045_sole_L,locomotion,movement,sprint,sprint,045
dribbleslide045_3_3_slide_f090_in_Ltouch,locomotion,movement,sprint,sprint,090
dribbleslide045_3_3_slide_f090_sole_L,locomotion,movement,sprint,sprint,090
dribbleslide045_3_4_000_y0_out_ver21,locomotion,movement,sprint,sprint,000
dribbleslide045_3_4_045_y0_in_ver21,locomotion,movement,sprint,sprint,045
dribbleslide045_3_4_f045_in_Ltouch,locomotion,movement,sprint,sprint,045
dribbleslide045_3_4_f045_y0_out_ver21,locomotion,movement,sprint,sprint,045
dribbleslide045_3_4_f090_in_Ltouch,locomotion,movement,sprint,sprint,090
dribbleslide045_3_4_f090_y0_out_ver21,locomotion,movement,sprint,sprint,090
dribbleslide045_3_4_f135_y0_out_ver21,locomotion,movement,sprint,sprint,135
dribbleslide045_guardback_3_3_slide_045_guardback_y0_notouch,locomotion,movement,sprint,sprint,045
dribbleslide045_guardback_3_3_slide_045_guardback_y0_sole_ver20,locomotion,movement,sprint,sprint,045
dribbleslide090_1_0_000_y0_notouch_ver03,locomotion,movement,dribble,idle,000
dribbleslide090_2_2_slide_090_y0_notouch_ver20,locomotion,movement,walk,walk,090
dribbleslide090_3_0_000_in_Ltouch_ver12,locomotion,movement,sprint,idle,000
dribbleslide090_3_0_000_sole_Ltouch_ver12,locomotion,movement,sprint,idle,000
dribbleslide090_3_1_slide_090_y0_notouch_A_ver21,locomotion,movement,sprint,dribble,090
dribbleslide090_3_1_slide_090_y0_notouch_B_ver21,locomotion,movement,sprint,dribble,090
dribbleslide090_3_1_slide_090_y0_notouch_C_ver21,locomotion,movement,sprint,dribble,090
dribbleslide090_3_1_slide_090_y0_notouch_D_ver21,locomotion,movement,sprint,dribble,090
dribbleslide090_3_1_slide_090_y0_notouch_E_ver21,locomotion,movement,sprint,dribble,090
dribbleslide090_3_1_slide_090_y0_notouch_F_ver21,locomotion,movement,sprint,dribble,090
dribbleslide090_3_3_000_in_Ltouch,locomotion,movement,sprint,sprint,000
dribbleslide090_3_3_000_y0_out_ver21,locomotion,movement,sprint,sprint,000
dribbleslide090_3_3_045_in_Ltouch,locomotion,movement,sprint,sprint,045
dribbleslide090_3_3_045_y0_out_ver21,locomotion,movement,sprint,sprint,045
dribbleslide090_3_3_090_y0_in_ver20,locomotion,movement,sprint,sprint,090
dribbleslide090_3_3_090_y0_in_ver21,locomotion,movement,sprint,sprint,090
dribbleslide090_3_3_135_slide_f090_in_Ltouch_ver7,locomotion,movement,sprint,sprint,135
dribbleslide090_3_3_135_sole,locomotion,movement,sprint,sprint,135
dribbleslide090_3_3_180_sole,locomotion,movement,sprint,sprint,180
dribbleslide090_3_3_f045_in_Ltouch,locomotion,movement,sprint,sprint,045
dribbleslide090_3_3_f045_y0_out_ver21,locomotion,movement,sprint,sprint,045
dribbleslide090_3_3_f090_in_Ltouch,locomotion,movement,sprint,sprint,090
dribbleslide090_3_3_f090_y0_out_ver21,locomotion,movement,sprint,sprint,090
dribbleslide090_3_3_f135_sole,locomotion,movement,sprint,sprint,135
dribbleslide090_3_3_slide_045_sole,locomotion,movement,sprint,sprint,045
dribbleslide090_3_3_slide_090_in_ver7,locomotion,movement,sprint,sprint,090
dribbleslide090_3_3_slide_090_sole_ver12,locomotion,movement,sprint,sprint,090
dribbleslide090_3_3_slide_090_y0_in_ver20,locomotion,movement,sprint,sprint,090
dribbleslide090_3_3_slide_180_sole_L,locomotion,movement,sprint,sprint,180
dribbleslide090_3_3_slide_f045_in_Ltouch,locomotion,movement,sprint,sprint,045
dribbleslide090_3_3_slide_f045_sole_L,locomotion,movement,sprint,sprint,045
dribbleslide090_3_3_slide_f090_in_Ltouch,locomotion,movement,sprint,sprint,090
dribbleslide090_3_3_slide_f090_sole_L,locomotion,movement,sprint,sprint,090
dribbleslide090_3_4_000_y0_out_ver21,locomotion,movement,sprint,sprint,000
dribbleslide090_3_4_045_y0_out_ver21,locomotion,movement,sprint,sprint,045
dribbleslide090_3_4_090_y0_in_ver21,locomotion,movement,sprint,sprint,090
dribbleslide090_3_4_180_in,locomotion,movement,sprint,sprint,180
dribbleslide090_3_4_f045_in_Ltouch,locomotion,movement,sprint,sprint,045
dribbleslide090_3_4_f045_y0_out_ver21,locomotion,movement,sprint,sprint,045
dribbleslide090_3_4_f090_in_Ltouch,locomotion,movement,sprint,sprint,090
dribbleslide090_3_4_f090_y0_out_ver21,locomotion,movement,sprint,sprint,090
dribbleslide090_guardback_3_3_slide_090_guardback_y0_sole_ver20,locomotion,movement,sprint,sprint,090
dribbleslide135_3_3_slide_135_y0_in_ver07,locomotion,movement,sprint,sprint,135
dribbleslide135_3_3_slide_135_y0_in_ver20,locomotion,movement,sprint,sprint,135
dribbleslide135_3_3_slide_135_y0_sole_ver12,locomotion,movement,sprint,sprint,135
dribbleslide180_3_0_000_sole_v3,locomotion,movement,sprint,idle,000
dribbleslide180_3_3_000_in,locomotion,movement,sprint,sprint,000
dribbleslide180_3_3_000_sole,locomotion,movement,sprint,sprint,000
dribbleslide180_3_3_045_in,locomotion,movement,sprint,sprint,045
dribbleslide180_3_3_045_sole,locomotion,movement,sprint,sprint,045
dribbleslide180_3_3_090_in,locomotion,movement,sprint,sprint,090
dribbleslide180_3_3_090_sole,locomotion,movement,sprint,sprint,090
dribbleslide180_3_3_135_in,locomotion,movement,sprint,sprint,135
dribbleslide180_3_3_135_sole,locomotion,movement,sprint,sprint,135
dribbleslide180_3_3_f045_in_Ltouch,locomotion,movement,sprint,sprint,045
dribbleslide180_3_3_f045_sole,locomotion,movement,sprint,sprint,045
dribbleslide180_3_3_f090_in_Ltouch,locomotion,movement,sprint,sprint,090
dribbleslide180_3_3_f090_sole,locomotion,movement,sprint,sprint,090
dribbleslide180_3_3_f135_in_Ltouch,locomotion,movement,sprint,sprint,135
dribbleslide180_3_3_f135_sole,locomotion,movement,sprint,sprint,135
dribbleslide180_3_3_f180_sole,locomotion,movement,sprint,sprint,180
dribbleslide180_3_3_slide_045_in,locomotion,movement,sprint,sprint,045
dribbleslide180_3_3_slide_090_sole,locomotion,movement,sprint,sprint,090
dribbleslide180_3_3_slide_180_sole_v3,locomotion,movement,sprint,sprint,180
dribbleslide180_3_3_slide_f045_sole_L,locomotion,movement,sprint,sprint,045
dribbleslide180_3_3_slide_f090_sole_L,locomotion,movement,sprint,sprint,090
enum_dummy0,other,unknown,,,
enum_dummy1,other,unknown,,,
enum_dummy10,other,unknown,,,
enum_dummy11,other,unknown,,,
enum_dummy12,other,unknown,,,
enum_dummy13,other,unknown,,,
enum_dummy14,other,unknown,,,
enum_dummy15,other,unknown,,,
enum_dummy16,other,unknown,,,
enum_dummy17,other,unknown,,,
enum_dummy18,other,unknown,,,
enum_dummy19,other,unknown,,,
enum_dummy2,other,unknown,,,
enum_dummy20,other,unknown,,,
enum_dummy21,other,unknown,,,
enum_dummy22,other,unknown,,,
enum_dummy23,other,unknown,,,
enum_dummy24,other,unknown,,,
enum_dummy25,other,unknown,,,
enum_dummy26,other,unknown,,,
enum_dummy27,other,unknown,,,
enum_dummy3,other,unknown,,,
enum_dummy4,other,unknown,,,
enum_dummy5,other,unknown,,,
enum_dummy6,other,unknown,,,
enum_dummy7,other,unknown,,,
enum_dummy8,other,unknown,,,
enum_dummy9,other,unknown,,,
fall_air_lowbody_0_0_000,other,unknown,idle,idle,000
fall_air_lowbody_0_0_090,other,unknown,idle,idle,090
fall_air_lowbody_0_0_180,other,unknown,idle,idle,180
fall_air_lowbody_3_0_000,other,unknown,sprint,idle,000
fall_air_lowbody_3_0_090,other,unknown,sprint,idle,090
fall_air_upbody_0_0_000,other,unknown,idle,idle,000
fall_air_upbody_0_0_090,other,unknown,idle,idle,090
fall_air_upbody_0_0_180,other,unknown,idle,idle,180
fall_air_upbody_0_0_180_v2,other,unknown,idle,idle,180
fall_air_upbody_3_0_000,other,unknown,sprint,idle,000
fall_air_upbody_3_0_090,other,unknown,sprint,idle,090
fall_lowbody_0_0_000,other,unknown,idle,idle,000
fall_lowbody_0_0_000_allfours,other,unknown,idle,idle,000
fall_lowbody_0_0_000_roll,other,unknown,idle,idle,000
fall_lowbody_0_0_090,other,unknown,idle,idle,090
fall_lowbody_0_0_090_allfours,other,unknown,idle,idle,090
fall_lowbody_0_0_090_roll,other,unknown,idle,idle,090
fall_lowbody_0_0_180_roll,other,unknown,idle,idle,180
fall_lowbody_0_0_180_roll_v2,other,unknown,idle,idle,180
fall_lowbody_0_0_180_v2,other,unknown,idle,idle,180
fall_lowbody_0_0_180_v3,other,unknown,idle,idle,180
fall_lowbody_2_0_000,other,unknown,walk,idle,000
fall_lowbody_2_0_090_135,other,unknown,walk,idle,090
fall_lowbody_2_0_090_jostle,other,unknown,walk,idle,090
fall_lowbody_3_0_000,other,unknown,sprint,idle,000
fall_lowbody_3_0_000_diver,other,unknown,sprint,idle,000
fall_lowbody_3_0_000_roll,other,unknown,sprint,idle,000
fall_lowbody_3_0_000_roll_v2,other,unknown,sprint,idle,000
fall_lowbody_3_0_000_roll_v3,other,unknown,sprint,idle,000
fall_lowbody_3_0_000_slide_roll,other,unknown,sprint,idle,000
fall_lowbody_3_0_090,other,unknown,sprint,idle,090
fall_lowbody_3_0_090_divehip,other,unknown,sprint,idle,090
fall_lowbody_3_0_090_divehip_roll,other,unknown,sprint,idle,090
fall_lowbody_3_0_090_divehip_v2,other,unknown,sprint,idle,090
fall_lowbody_3_0_090_divehip_v3,other,unknown,sprint,idle,090
fall_lowbody_3_0_090_jostle,other,unknown,sprint,idle,090
fall_lowbody_3_0_090_jostle_v2,other,unknown,sprint,idle,090
fall_lowbody_3_0_090_plunge,other,unknown,sprint,idle,090
fall_lowbody_3_0_090_roll,other,unknown,sprint,idle,090
fall_lowbody_3_0_090_roll_v2,other,unknown,sprint,idle,090
fall_lowbody_3_0_090_stagger_down,other,unknown,sprint,idle,090
fall_lowbody_3_0_180,other,unknown,sprint,idle,180
fall_lowbody_3_0_180_divehead,other,unknown,sprint,idle,180
fall_lowbody_3_0_180_divehead_slide,other,unknown,sprint,idle,180
fall_lowbody_3_0_180_diveknee,other,unknown,sprint,idle,180
fall_upbody_0_0_000,other,unknown,idle,idle,000
fall_upbody_0_0_090,other,unknown,idle,idle,090
fall_upbody_0_0_090_facecover,other,unknown,idle,idle,090
fall_upbody_0_0_180,other,unknown,idle,idle,180
fall_upbody_0_0_180_carry,other,unknown,idle,idle,180
fall_upbody_0_0_180_guard_back,other,unknown,idle,idle,180
fall_upbody_0_0_180_hold_waist,other,unknown,idle,idle,180
fall_upbody_0_0_180_pulled,other,unknown,idle,idle,180
fall_upbody_2_0_020_tackle_lose_down,other,unknown,walk,idle,020
fall_upbody_2_0_020_tackle_lose_down_v2,other,unknown,walk,idle,020
fall_upbody_2_0_020_tackle_lose_down_v3,other,unknown,walk,idle,020
fall_upbody_2_0_090,other,unknown,walk,idle,090
fall_upbody_2_0_180,other,unknown,walk,idle,180
fall_upbody_3_0_000,other,unknown,sprint,idle,000
fall_upbody_3_0_000_fallforward,other,unknown,sprint,idle,000
fall_upbody_3_0_000_hold,other,unknown,sprint,idle,000
fall_upbody_3_0_020,other,unknown,sprint,idle,020
fall_upbody_3_0_020_roll,other,unknown,sprint,idle,020
fall_upbody_3_0_020_roll_v2,other,unknown,sprint,idle,020
fall_upbody_3_0_090,other,unknown,sprint,idle,090
fall_upbody_3_0_090_divehip,other,unknown,sprint,idle,090
fall_upbody_3_0_090_facecover,other,unknown,sprint,idle,090
fall_upbody_3_0_090_fallforward,other,unknown,sprint,idle,090
fall_upbody_3_0_090_hold_waist,other,unknown,sprint,idle,090
fall_upbody_3_0_090_jostle_push_lose,other,unknown,sprint,idle,090
fall_upbody_3_0_090_jostle_push_lose_v2,other,unknown,sprint,idle,090
fall_upbody_3_0_090_roll,other,unknown,sprint,idle,090
fall_upbody_3_0_090_stagger_down,other,unknown,sprint,idle,090
fall_upbody_3_0_090_stagger_down_v2,other,unknown,sprint,idle,090
fall_upbody_3_0_090_v2,other,unknown,sprint,idle,090
fall_upbody_3_0_090_v3,other,unknown,sprint,idle,090
fall_upbody_3_0_090_v4,other,unknown,sprint,idle,090
fall_upbody_3_0_180,other,unknown,sprint,idle,180
fall_upbody_3_0_180_hold,other,unknown,sprint,idle,180
fall_upbody_3_0_180_hold_waist,other,unknown,sprint,idle,180
fall_upbody_3_0_180_hold_waist_dive,other,unknown,sprint,idle,180
fall_upbody_3_0_180_hold_waist_fallforward,other,unknown,sprint,idle,180
fall_upbody_3_0_180_hold_waist_v2,other,unknown,sprint,idle,180
feint_L_0_3_000_doubletouch,feint,movement_special,idle,sprint,000
feint_L_0_3_090,feint,movement_special,idle,sprint,090
feint_ballroll_rabona_0_3_f045_y0_out_ver01,feint,movement_special,idle,sprint,045
feint_ballroll_scissors_0_3_090_y0_Ltouch_out_ver03,feint,movement_special,idle,sprint,090
feint_ballroll_scissors_0_3_f045_y0_Ltouch_in_ver20,feint,movement_special,idle,sprint,045
feint_ballroll_scissors_0_3_f045_y0_axisback_Ltouch_in_ver20,feint,movement_special,idle,sprint,045
feint_ballroll_stepover_0_3_045_y0_Ltouch_out_ver20,feint,movement_special,idle,sprint,045
feint_ballslide_0_0_slide_000,feint,movement_special,idle,idle,000
feint_ballslide_0_0_slide_045,feint,movement_special,idle,idle,045
feint_ballslide_0_0_slide_090,feint,movement_special,idle,idle,090
feint_ballslide_0_0_slide_180,feint,movement_special,idle,idle,180
feint_bodyfake_0_0_000_y0_ver03,feint,movement_special,idle,idle,000
feint_bodyfake_0_3_000_out_Ltouch,feint,movement_special,idle,sprint,000
feint_bodyfake_0_3_045_out_Ltouch,feint,movement_special,idle,sprint,045
feint_bodyfake_0_3_090_out_Ltouch,feint,movement_special,idle,sprint,090
feint_bodyfake_0_3_135_out_Ltouch,feint,movement_special,idle,sprint,135
feint_bodyfake_0_3_180_out_Ltouch,feint,movement_special,idle,sprint,180
feint_bodyfake_0_3_f045_in_Ltouch,feint,movement_special,idle,sprint,045
feint_bodyfake_0_3_f090_in_Ltouch,feint,movement_special,idle,sprint,090
feint_bodyfake_0_3_f135_in_Ltouch,feint,movement_special,idle,sprint,135
feint_bodyfake_0_3_f180_in_Ltouch,feint,movement_special,idle,sprint,180
feint_boomerang_0_3_f135_y2_instep,feint,movement_special,idle,sprint,135
feint_boomerang_0_3_f180_y2_instep,feint,movement_special,idle,sprint,180
feint_chapeau_0_3_090_y4_out_ver21,feint,movement_special,idle,sprint,090
feint_chapeau_0_3_090_y6_out_ver23,feint,movement_special,idle,sprint,090
feint_chapeau_0_3_135_y5_instep_ver12,feint,movement_special,idle,sprint,135
feint_chapeau_0_3_135_y5_out_ver01,feint,movement_special,idle,sprint,135
feint_chapeau_0_3_180_y5_far_instep_ver03,feint,movement_special,idle,sprint,180
feint_chapeau_0_3_180_y5_out_ver01,feint,movement_special,idle,sprint,180
feint_chapeau_0_3_f180_sidenear_y4_far_instep_ver03,feint,movement_special,idle,sprint,180
feint_chapeau_meialua_0_3_180_sidenear_y4_out_ver12,feint,movement_special,idle,sprint,180
feint_chapeu_0_3_135_y2_instep,feint,movement_special,idle,sprint,135
feint_chapeu_0_3_180_y0_instep,feint,movement_special,idle,sprint,180
feint_chapeu_0_3_180_y2_instep,feint,movement_special,idle,sprint,180
feint_chapeu_0_3_f135_y0_instep,feint,movement_special,idle,sprint,135
feint_chapeu_0_3_f135_y2_instep_ver2,feint,movement_special,idle,sprint,135
feint_combo_steoover_scissors_bodyfake_0_0_000_y0_ver01,feint,movement_special,idle,idle,000
feint_doubletouch_0_3_000,feint,movement_special,idle,sprint,000
feint_doubletouch_0_3_000_sole,feint,movement_special,idle,sprint,000
feint_doubletouch_0_3_000_y0_in_in_ver21,feint,movement_special,idle,sprint,000
feint_doubletouch_0_3_045_y0_ver03,feint,movement_special,idle,sprint,045
feint_doubletouch_0_3_090,feint,movement_special,idle,sprint,090
feint_doubletouch_0_3_135,feint,movement_special,idle,sprint,135
feint_doubletouch_0_3_f045,feint,movement_special,idle,sprint,045
feint_doubletouch_0_3_f045_sole,feint,movement_special,idle,sprint,045
feint_doubletouch_0_3_f090,feint,movement_special,idle,sprint,090
feint_doubletouch_0_3_f090_sole_axisback,feint,movement_special,idle,sprint,090
feint_doubletouch_0_3_f135,feint,movement_special,idle,sprint,135
feint_doubletouch_0_3_f180,feint,movement_special,idle,sprint,180
feint_drawclose_0_3_045_y0_sole_in_ver21,feint,movement_special,idle,sprint,045
feint_drawdoubletouch_0_3_045_y0_sole_in_ver21,feint,movement_special,idle,sprint,045
feint_drawopen_0_3_000,feint,movement_special,idle,sprint,000
feint_drawopen_0_3_f045,feint,movement_special,idle,sprint,045
feint_drawopen_0_3_f090,feint,movement_special,idle,sprint,090
feint_elastico_0_3_045_out_in,feint,movement_special,idle,sprint,045
feint_elastico_0_3_f045_in_out,feint,movement_special,idle,sprint,045
feint_elasticoreturn_0_3_f045_in,feint,movement_special,idle,sprint,045
feint_heellift_0_3_000,feint,movement_special,idle,sprint,000
feint_inout_0_3_f045,feint,movement_special,idle,sprint,045
feint_kick_000_0_3_045_onetime,feint,movement_special,idle,sprint,000
feint_kick_000_0_3_090_onetime,feint,movement_special,idle,sprint,000
feint_kick_000_0_3_135_onetime,feint,movement_special,idle,sprint,000
feint_kick_0_0_000_notouch_kicktheground_ver11,feint,movement_special,idle,idle,000
feint_kick_0_0_000_notouch_ver11,feint,movement_special,idle,idle,000
feint_kick_0_0_000_sole,feint,movement_special,idle,idle,000
feint_kick_0_0_045_notouch_kicktheground_ver11,feint,movement_special,idle,idle,045
feint_kick_0_3_000_out_ver12,feint,movement_special,idle,sprint,000
feint_kick_0_3_045_in_cruijff_ver12,feint,movement_special,idle,sprint,045
feint_kick_0_3_045_in_ver12,feint,movement_special,idle,sprint,045
feint_kick_0_3_090_in_cruijff_ver12,feint,movement_special,idle,sprint,090
feint_kick_0_3_090_in_vanpersie_ver2,feint,movement_special,idle,sprint,090
feint_kick_0_3_090_in_ver12,feint,movement_special,idle,sprint,090
feint_kick_0_3_135_in_cruijff_ver12,feint,movement_special,idle,sprint,135
feint_kick_0_3_135_in_ver2,feint,movement_special,idle,sprint,135
feint_kick_0_3_180_in_cruijff_ver12,feint,movement_special,idle,sprint,180
feint_kick_0_3_f045_out_ver12,feint,movement_special,idle,sprint,045
feint_kick_0_3_f090_out_ver12,feint,movement_special,idle,sprint,090
feint_kick_0_3_f135_out_ver12,feint,movement_special,idle,sprint,135
feint_kick_notouch_0_0_000_y0_toe_ver24,feint,movement_special,idle,idle,000
feint_kickchapeu_0_3_045_y0_toe_arc_ver2,feint,movement_special,idle,sprint,045
feint_kickout_0_3_000_y0_toe_ver01,feint,movement_special,idle,sprint,000
feint_kickout_0_3_f045_y0_out_ver03,feint,movement_special,idle,sprint,045
feint_kickout_0_3_f090_y0_out_ver03,feint,movement_special,idle,sprint,090
feint_kickout_shoot_0_3_000_y0_out_ver21,feint,movement_special,idle,sprint,000
feint_kickout_shoot_0_3_f045_y0_out_ver21,feint,movement_special,idle,sprint,045
feint_kickout_shoot_0_3_f090_y0_out_ver21,feint,movement_special,idle,sprint,090
feint_lift_0_0_000_y0_instep,feint,movement_special,idle,idle,000
feint_lift_0_0_000_y2_in,feint,movement_special,idle,idle,000
feint_nutmeg_0_4_000,feint,movement_special,idle,sprint,000
feint_nutmeg_0_4_022_in,feint,movement_special,idle,sprint,022
feint_nutmeg_0_4_045_in,feint,movement_special,idle,sprint,045
feint_nutmeg_0_4_f022_in,feint,movement_special,idle,sprint,022
feint_nutmeg_0_4_f045_out,feint,movement_special,idle,sprint,045
feint_nutmeg_avoid_0_3_045_y0_in_ver01,feint,movement_special,idle,sprint,045
feint_nutmeg_avoid_0_3_045_y0_sole_ver01,feint,movement_special,idle,sprint,045
feint_nutmeg_avoid_0_3_f045_y0_out_ver20,feint,movement_special,idle,sprint,045
feint_outin_0_3_000_y0_ver21,feint,movement_special,idle,sprint,000
feint_outin_0_3_045,feint,movement_special,idle,sprint,045
feint_outout_0_3_f045_y0_ver23,feint,movement_special,idle,sprint,045
feint_passfake090_0_3_f090,feint,movement_special,idle,sprint,090
feint_rainbowflick_0_3_000_y0_ver20,feint,movement_special,idle,sprint,000
feint_roulette_0_3_000,feint,movement_special,idle,sprint,000
feint_roulette_0_3_f045,feint,movement_special,idle,sprint,045
feint_roulette_0_3_f090,feint,movement_special,idle,sprint,090
feint_roulette_0_3_ribery_f090,feint,movement_special,idle,sprint,090
feint_roulettesingle_0_3_000,feint,movement_special,idle,sprint,000
feint_roulettesingle_0_3_045,feint,movement_special,idle,sprint,045
feint_roulettesingle_0_3_090,feint,movement_special,idle,sprint,090
feint_scissors_0_0_000_y0_ver03,feint,movement_special,idle,idle,000
feint_scissors_doubletouch_0_3_000_y0_in_ver20,feint,movement_special,idle,sprint,000
feint_scissorsin_0_0_000,feint,movement_special,idle,idle,000
feint_scissorsin_0_3_000_out,feint,movement_special,idle,sprint,000
feint_scissorsin_0_3_045_in,feint,movement_special,idle,sprint,045
feint_scissorsin_0_3_090_in,feint,movement_special,idle,sprint,090
feint_scissorsin_0_3_135_in,feint,movement_special,idle,sprint,135
feint_scissorsin_0_3_180_in,feint,movement_special,idle,sprint,180
feint_scissorsin_0_3_f045_out,feint,movement_special,idle,sprint,045
feint_scissorsin_0_3_f090_out,feint,movement_special,idle,sprint,090
feint_scissorsin_0_3_f135_out,feint,movement_special,idle,sprint,135
feint_scissorsin_0_3_f180_out,feint,movement_special,idle,sprint,180
feint_shakebody_0_0_000_y0_ver24,feint,movement_special,idle,idle,000
feint_shakefoot_0_0_000,feint,movement_special,idle,idle,000
feint_shakefoot_0_0_000_once,feint,movement_special,idle,idle,000
feint_shakefoot_0_0_000_once_quick,feint,movement_special,idle,idle,000
feint_shakefoot_0_0_000_quick,feint,movement_special,idle,idle,000
feint_shakefoot_0_0_000_twice,feint,movement_special,idle,idle,000
feint_shakefoot_0_0_000_twice_quick,feint,movement_special,idle,idle,000
feint_sliderabona_0_3_f045,feint,movement_special,idle,sprint,045
feint_sombreroflick_meialua_0_3_180_y0_instep_ver23,feint,movement_special,idle,sprint,180
feint_stepkick_0_3_000,feint,movement_special,idle,sprint,000
feint_stepkick_0_3_f045,feint,movement_special,idle,sprint,045
feint_stepkick_0_3_f090,feint,movement_special,idle,sprint,090
feint_stepover_0_0_000_y0_ver20,feint,movement_special,idle,idle,000
feint_stepover_jump_0_0_000_y0_ver12,feint,movement_special,idle,idle,000
feint_through_0_0_000_y0,feint,movement_special,idle,idle,000
feint_through_0_0_000_y6,feint,movement_special,idle,idle,000
feint_through_0_4_f180,feint,movement_special,idle,sprint,180
feint_through_0_4_f180_y5_ver21,feint,movement_special,idle,sprint,180
feint_through_guardback_0_4_f180_y0_ver21,feint,movement_special,idle,sprint,180
feint_trap_0_0_000_y2_in_axisback_ver20,feint,movement_special,idle,idle,000
feint_trap_0_3_090_sole_Axisback,feint,movement_special,idle,sprint,090
feint_trap_0_3_090_y2_axisback_in_ver20,feint,movement_special,idle,sprint,090
feint_trap_0_3_f270_y5_back_ver12,feint,movement_special,idle,sprint,270
feint_trap_0_3_f315_y5_back_ver12,feint,movement_special,idle,sprint,315
feint_trap_chapeau_meialua_0_3_135_sidenear_y1_in_ver12,feint,movement_special,idle,sprint,135
feint_trap_chapeau_meialua_0_3_180_sidefar_y0_toe_ver03,feint,movement_special,idle,sprint,180
feint_trap_lift_0_0_000_sidemid_y0_toe_ver13,feint,movement_special,idle,idle,000
feint_trap_lift_0_0_000_sidenear_y4_thigh_ver12,feint,movement_special,idle,idle,000
feint_trap_lift_0_0_000_y4_thigh_ver12,feint,movement_special,idle,idle,000
feint_trap_lift_0_0_000_y4_thigh_ver13,feint,movement_special,idle,idle,000
feint_trap_lift_0_0_000_y5_breast_ver01,feint,movement_special,idle,idle,000
feint_trap_lift_0_0_000_y6_breast_ver12,feint,movement_special,idle,idle,000
feint_trap_lift_guardside_0_0_s_000_sidefar_y0_near_toe_ver16,feint,movement_special,idle,idle,000
feint_trap_meialua_0_3_135_y0_near_axisback_in_ver13,feint,movement_special,idle,sprint,135
feint_trap_meialua_0_3_f225_y0_axisback_in_ver01,feint,movement_special,idle,sprint,225
feint_trapboomerang_0_4_f090_y0,feint,movement_special,idle,sprint,090
feint_trapboomerang_0_4_f090_y2,feint,movement_special,idle,sprint,090
feintback_through_3_4_f180,feint,movement_special,sprint,sprint,180
feintback_through_3_4_f180_y5_ver21,feint,movement_special,sprint,sprint,180
feintback_trap_3_0_000_sideRev_y2_axisback_in_ver03,feint,movement_special,sprint,idle,000
feintback_trap_reverse_3_3_000_y0_in_ver23,feint,movement_special,sprint,sprint,000
feintback_trap_reverse_3_3_f045_y0_in_ver23,feint,movement_special,sprint,sprint,045
feintrun_2_3_090_sidenear_y4_out_ver12,feint,movement_special,walk,sprint,090
feintrun_L_3_3_090,feint,movement_special,sprint,sprint,090
feintrun_ballroll_onetime_2_2_f180_y0_in_Ltouch_ver13,feint,movement_special,walk,walk,180
feintrun_ballroll_onetime_3_3_f090_y0_Ltouch_in_ver03,feint,movement_special,sprint,sprint,090
feintrun_ballroll_rabona_3_3_f022_y0_out_ver03,feint,movement_special,sprint,sprint,022
feintrun_ballroll_scissors_3_3_045_y0_Ltouch_out_ver03,feint,movement_special,sprint,sprint,045
feintrun_ballroll_scissors_3_3_f045_y0_Ltouch_in_ver20,feint,movement_special,sprint,sprint,045
feintrun_ballroll_stepover_3_3_045_y0_Ltouch_out_ver20,feint,movement_special,sprint,sprint,045
feintrun_bodyfake_3_3_000,feint,movement_special,sprint,sprint,000
feintrun_bodyfake_3_3_000_out_Ltouch,feint,movement_special,sprint,sprint,000
feintrun_bodyfake_3_3_045_out_Ltouch,feint,movement_special,sprint,sprint,045
feintrun_bodyfake_3_3_090_out_Ltouch,feint,movement_special,sprint,sprint,090
feintrun_bodyfake_3_3_135_out_Ltouch,feint,movement_special,sprint,sprint,135
feintrun_bodyfake_3_3_180_out_Ltouch,feint,movement_special,sprint,sprint,180
feintrun_bodyfake_3_3_f045_in_Ltouch,feint,movement_special,sprint,sprint,045
feintrun_bodyfake_3_3_f090_in_Ltouch,feint,movement_special,sprint,sprint,090
feintrun_bodyfake_3_3_f135_in_Ltouch,feint,movement_special,sprint,sprint,135
feintrun_bodyfake_3_3_f180_in_Ltouch,feint,movement_special,sprint,sprint,180
feintrun_bodyfake_front_3_3_000_y0_ver03,feint,movement_special,sprint,sprint,000
feintrun_bodyfake_turn_3_3_022_y0_out_Ltouch_ver01,feint,movement_special,sprint,sprint,022
feintrun_bodyfake_turn_3_3_045_y0_out_Ltouch_ver01,feint,movement_special,sprint,sprint,045
feintrun_bodyfake_turn_3_3_090_y0_out_Ltouch_ver20,feint,movement_special,sprint,sprint,090
feintrun_boomerang_3_3_f135_y2_out,feint,movement_special,sprint,sprint,135
feintrun_boomerang_3_3_f180_y2_out,feint,movement_special,sprint,sprint,180
feintrun_chapeau_1_3_f090_y4_far_instep_ver01,feint,movement_special,dribble,sprint,090
feintrun_chapeau_1_4_f135_y0_out_ver13,feint,movement_special,dribble,sprint,135
feintrun_chapeau_1_4_f135_y5_far_instep_ver12,feint,movement_special,dribble,sprint,135
feintrun_chapeau_3_3_000_sidemidRev_y3_rear_axisback_in_ver01,feint,movement_special,sprint,sprint,000
feintrun_chapeau_3_3_135_sidenear_y4_far_instep_ver12,feint,movement_special,sprint,sprint,135
feintrun_chapeau_3_3_135_y0_in_ver20,feint,movement_special,sprint,sprint,135
feintrun_chapeau_3_3_f067_y2_far_instep_ver13,feint,movement_special,sprint,sprint,067
feintrun_chapeau_3_3_f135_y0_out_ver20,feint,movement_special,sprint,sprint,135
feintrun_chapeau_3_3_f180_y0_out_ver01,feint,movement_special,sprint,sprint,180
feintrun_chapeu_3_3_135_y2_instep,feint,movement_special,sprint,sprint,135
feintrun_chapeu_3_3_180_y0_instep,feint,movement_special,sprint,sprint,180
feintrun_chapeu_3_3_180_y2_instep,feint,movement_special,sprint,sprint,180
feintrun_chapeu_3_3_180_y4_instep,feint,movement_special,sprint,sprint,180
feintrun_chapeu_3_3_f135_y0_instep,feint,movement_special,sprint,sprint,135
feintrun_doubletouch_1_3_000_y0_ver01,feint,movement_special,dribble,sprint,000
feintrun_doubletouch_3_3_000_sole,feint,movement_special,sprint,sprint,000
feintrun_doubletouch_3_3_000_y0_in_in_ver21,feint,movement_special,sprint,sprint,000
feintrun_doubletouch_3_3_045,feint,movement_special,sprint,sprint,045
feintrun_doubletouch_3_3_090,feint,movement_special,sprint,sprint,090
feintrun_doubletouch_3_3_135,feint,movement_special,sprint,sprint,135
feintrun_doubletouch_3_3_f045,feint,movement_special,sprint,sprint,045
feintrun_doubletouch_3_3_f045_sole,feint,movement_special,sprint,sprint,045
feintrun_doubletouch_3_3_f090,feint,movement_special,sprint,sprint,090
feintrun_doubletouch_3_3_f135,feint,movement_special,sprint,sprint,135
feintrun_doubletouch_3_3_f180,feint,movement_special,sprint,sprint,180
feintrun_drawclose_3_3_045_y0_sole_in_ver20,feint,movement_special,sprint,sprint,045
feintrun_drawdoubletouch_3_3_045_y0_sole_in_ver21,feint,movement_special,sprint,sprint,045
feintrun_drawopen_3_3_000,feint,movement_special,sprint,sprint,000
feintrun_drawopen_3_3_f045,feint,movement_special,sprint,sprint,045
feintrun_drawopen_3_3_f090,feint,movement_special,sprint,sprint,090
feintrun_elastico_3_3_045_out_in,feint,movement_special,sprint,sprint,045
feintrun_elastico_3_3_f045_in_out,feint,movement_special,sprint,sprint,045
feintrun_elasticoreturn_3_3_f045_in,feint,movement_special,sprint,sprint,045
feintrun_heellift_3_3_000,feint,movement_special,sprint,sprint,000
feintrun_inout_3_3_f045,feint,movement_special,sprint,sprint,045
feintrun_kick_3_0_090_in_ver2,feint,movement_special,sprint,idle,090
feintrun_kick_3_0_090_rabona_ver2,feint,movement_special,sprint,idle,090
feintrun_kick_3_3_000_doubletouch_ver2,feint,movement_special,sprint,sprint,000
feintrun_kick_3_3_000_out,feint,movement_special,sprint,sprint,000
feintrun_kick_3_3_000_rabona_ver2,feint,movement_special,sprint,sprint,000
feintrun_kick_3_3_000_stepkick_ver2,feint,movement_special,sprint,sprint,000
feintrun_kick_3_3_045_in_ver2,feint,movement_special,sprint,sprint,045
feintrun_kick_3_3_067_in_vanpersie_ver2,feint,movement_special,sprint,sprint,067
feintrun_kick_3_3_067_in_ver2,feint,movement_special,sprint,sprint,067
feintrun_kick_3_3_090_sole_nutmeg,feint,movement_special,sprint,sprint,090
feintrun_kick_3_3_135_in,feint,movement_special,sprint,sprint,135
feintrun_kick_3_3_135_in_cruijff_ver2,feint,movement_special,sprint,sprint,135
feintrun_kick_3_3_180_in,feint,movement_special,sprint,sprint,180
feintrun_kick_3_3_180_in_cruijff_ver2,feint,movement_special,sprint,sprint,180
feintrun_kick_3_3_f045_out,feint,movement_special,sprint,sprint,045
feintrun_kick_3_3_f067_y0_out_ver01,feint,movement_special,sprint,sprint,067
feintrun_kick_3_3_f135_out,feint,movement_special,sprint,sprint,135
feintrun_kick_3_3_f180_sole_ver2,feint,movement_special,sprint,sprint,180
feintrun_kick_4_0_090_in_ver2,feint,movement_special,sprint,idle,090
feintrun_kick_4_0_135_in,feint,movement_special,sprint,idle,135
feintrun_kick_4_3_000_out,feint,movement_special,sprint,sprint,000
feintrun_kick_4_3_045_in,feint,movement_special,sprint,sprint,045
feintrun_kick_4_3_f045_out,feint,movement_special,sprint,sprint,045
feintrun_lift_2_3_f045_sidenear_y2_far_ver12,feint,movement_special,walk,sprint,045
feintrun_lift_3_3_000_y2_instep,feint,movement_special,sprint,sprint,000
feintrun_lift_3_3_000_y4_thigh,feint,movement_special,sprint,sprint,000
feintrun_lift_3_3_045_y2_instep_ver12,feint,movement_special,sprint,sprint,045
feintrun_lifting_3_3_000_y1_instep_instep_RLtouch_ver13,feint,movement_special,sprint,sprint,000
feintrun_nutmeg_3_4_000,feint,movement_special,sprint,sprint,000
feintrun_nutmeg_3_4_022_in,feint,movement_special,sprint,sprint,022
feintrun_nutmeg_3_4_045_in,feint,movement_special,sprint,sprint,045
feintrun_nutmeg_3_4_f022_out,feint,movement_special,sprint,sprint,022
feintrun_nutmeg_3_4_f045_out,feint,movement_special,sprint,sprint,045
feintrun_nutmeg_3_4_f135_sole,feint,movement_special,sprint,sprint,135
feintrun_nutmeg_avoid_3_3_022_y0_in_ver01,feint,movement_special,sprint,sprint,022
feintrun_nutmeg_avoid_3_3_022_y0_sole_ver01,feint,movement_special,sprint,sprint,022
feintrun_nutmeg_avoid_3_3_045_y0_in_ver03,feint,movement_special,sprint,sprint,045
feintrun_nutmeg_avoid_3_3_045_y0_sole_ver03,feint,movement_special,sprint,sprint,045
feintrun_nutmeg_avoid_3_3_f022_y0_out_ver01,feint,movement_special,sprint,sprint,022
feintrun_nutmeg_avoid_3_3_f045_y0_out_ver20,feint,movement_special,sprint,sprint,045
feintrun_onetime_3_3_045_y0_in_ver20,feint,movement_special,sprint,sprint,045
feintrun_onetime_3_3_067_y0_in_ver20,feint,movement_special,sprint,sprint,067
feintrun_outin_3_3_045,feint,movement_special,sprint,sprint,045
feintrun_roulette_3_3_000,feint,movement_special,sprint,sprint,000
feintrun_roulette_3_3_f045,feint,movement_special,sprint,sprint,045
feintrun_roulette_3_3_f090,feint,movement_special,sprint,sprint,090
feintrun_roulette_3_3_f303_y0_out_ver23,feint,movement_special,sprint,sprint,303
feintrun_roulette_3_3_ribery_f090,feint,movement_special,sprint,sprint,090
feintrun_roulette_triple_lift_2_3_f270_y0_sole_sole_toe_ver23,feint,movement_special,walk,sprint,270
feintrun_roulette_triple_lift_2_3_f292_y0_sole_sole_toe_ver23,feint,movement_special,walk,sprint,292
feintrun_roulettesingle_3_3_000,feint,movement_special,sprint,sprint,000
feintrun_roulettesingle_3_3_045,feint,movement_special,sprint,sprint,045
feintrun_roulettesingle_3_3_090,feint,movement_special,sprint,sprint,090
feintrun_roulettetriple_3_3_f045_y0_axisback_in_ver03,feint,movement_special,sprint,sprint,045
feintrun_roulettetriple_3_3_f067_y0_out_Ltouch_ver01,feint,movement_special,sprint,sprint,067
feintrun_roulettetriple_meialua_3_3_f135_y0_out_Ltouch_ver01,feint,movement_special,sprint,sprint,135
feintrun_scissors_1_1_000_y0_ver03,feint,movement_special,dribble,dribble,000
feintrun_scissors_2_2_000_y0_ver01,feint,movement_special,walk,walk,000
feintrun_scissors_2_2_000_y0_ver03,feint,movement_special,walk,walk,000
feintrun_scissors_3_3_000_y0_ver01,feint,movement_special,sprint,sprint,000
feintrun_scissors_3_3_000_y0_ver03,feint,movement_special,sprint,sprint,000
feintrun_scissors_doubletouch_3_3_000_y0_in_ver01,feint,movement_special,sprint,sprint,000
feintrun_scissors_trap_3_4_011_y0_near_in_ver12,feint,movement_special,sprint,sprint,011
feintrun_scissors_turn_3_3_f045_y0_in_Ltouch_ver01,feint,movement_special,sprint,sprint,045
feintrun_scissorsin_3_3_045_in,feint,movement_special,sprint,sprint,045
feintrun_scissorsin_3_3_090_in,feint,movement_special,sprint,sprint,090
feintrun_scissorsin_3_3_135_in,feint,movement_special,sprint,sprint,135
feintrun_scissorsin_3_3_180_in,feint,movement_special,sprint,sprint,180
feintrun_scissorsin_3_3_f045_out,feint,movement_special,sprint,sprint,045
feintrun_scissorsin_3_3_f090_out,feint,movement_special,sprint,sprint,090
feintrun_scissorsin_3_3_f135_out,feint,movement_special,sprint,sprint,135
feintrun_scissorsin_3_3_f180_out,feint,movement_special,sprint,sprint,180
feintrun_shakefoot_2_1_000_y0_notouch_ver23,feint,movement_special,walk,dribble,000
feintrun_shakefoot_2_2_000_y0_ver03,feint,movement_special,walk,walk,000
feintrun_stepkick_3_4_f000_y0_ver23,feint,movement_special,sprint,sprint,000
feintrun_stepkick_3_4_f045_y0_ver23,feint,movement_special,sprint,sprint,045
feintrun_stepkick_meialua_2_3_f067_y0_ver12,feint,movement_special,walk,sprint,067
feintrun_stepover_3_0_f090_y0_ver20,feint,movement_special,sprint,idle,090
feintrun_stepover_3_2_000_y0_ver03,feint,movement_special,sprint,walk,000
feintrun_stepover_3_3_000_in,feint,movement_special,sprint,sprint,000
feintrun_through_3_0_000_y0,feint,movement_special,sprint,idle,000
feintrun_through_3_0_000_y4,feint,movement_special,sprint,idle,000
feintrun_through_3_0_000_y6,feint,movement_special,sprint,idle,000
feintrun_through_3_0_s_000_y6,feint,movement_special,sprint,idle,000
feintrun_through_3_3_s_000_y0,feint,movement_special,sprint,sprint,000
feintrun_through_3_3_s_000_y2,feint,movement_special,sprint,sprint,000
feintrun_through_3_3_s_000_y4,feint,movement_special,sprint,sprint,000
feintrun_through_3_3_s_000_y8,feint,movement_special,sprint,sprint,000
feintrun_through_3_4_f045,feint,movement_special,sprint,sprint,045
feintrun_through_3_4_f090,feint,movement_special,sprint,sprint,090
feintrun_trap_3_3_090_sole_Axisback,feint,movement_special,sprint,sprint,090
feintrun_trap_accordion_3_3_f090_y0_in_ver21,feint,movement_special,sprint,sprint,090
feintrun_trap_accordion_3_3_f135_y0_in_ver21,feint,movement_special,sprint,sprint,135
feintrun_trap_accordion_3_3_f180_y0_in_ver21,feint,movement_special,sprint,sprint,180
feintrun_trap_rotation_3_0_f180_y0_in_ver11,feint,movement_special,sprint,idle,180
feintrun_trap_roulette_3_3_360_y0_in_ver23,feint,movement_special,sprint,sprint,360
feintrun_trapboomerang_3_4_f090_y0,feint,movement_special,sprint,sprint,090
feintrun_trapboomerang_3_4_f090_y2,feint,movement_special,sprint,sprint,090
feintrun_trapthrough_4_4_s_000_y0_ver12,feint,movement_special,sprint,sprint,000
feintside_trap_3_0_000_y3_axisback_in_ver03,feint,movement_special,sprint,idle,000
feintslide045_bodyfake_3_3_slide_045_L,feint,movement_special,sprint,sprint,045
feintslide045_bodyfake_3_3_slide_045_R,feint,movement_special,sprint,sprint,045
feintslide045_sciin_3_3_slide_045_L,feint,movement_special,sprint,sprint,045
feintslide045_sciin_3_3_slide_045_R,feint,movement_special,sprint,sprint,045
feintslide045_sciout_3_3_slide_045_L,feint,movement_special,sprint,sprint,045
feintslide045_sciout_3_3_slide_045_R,feint,movement_special,sprint,sprint,045
feintslide090_bodyfake_3_3_slide_090_L,feint,movement_special,sprint,sprint,090
feintslide090_bodyfake_3_3_slide_090_R,feint,movement_special,sprint,sprint,090
feintslide090_sciin_3_3_slide_090_L,feint,movement_special,sprint,sprint,090
feintslide090_sciin_3_3_slide_090_R,feint,movement_special,sprint,sprint,090
feintslide090_sciout_3_3_slide_090_L,feint,movement_special,sprint,sprint,090
feintslide090_sciout_3_3_slide_090_R,feint,movement_special,sprint,sprint,090
fk_idle,other,unknown,,,
fk_idle2,other,unknown,,,
fk_idle_bale,other,unknown,,,
fk_idle_beckham_2002,other,unknown,,,
fk_idle_cristiano,other,unknown,,,
fk_idle_dummy_13,other,unknown,,,
fk_idle_dummy_14,other,unknown,,,
fk_idle_dummy_15,other,unknown,,,
fk_idle_dummy_16,other,unknown,,,
fk_idle_honda,other,unknown,,,
fk_idle_jadson,other,unknown,,,
fk_idle_reus,other,unknown,,,
fk_idle_ronaldinho_2,other,unknown,,,
fk_idle_sub,other,unknown,,,
fk_kick_short_135,other,unknown,,,135
fk_kick_short_f045,other,unknown,,,045
fk_runup,other,unknown,,,
fk_runup_bale,other,unknown,,,
fk_runup_beckham,other,unknown,,,
fk_runup_beckham_2002,other,unknown,,,
fk_runup_cristiano,other,unknown,,,
fk_runup_dummy_13,other,unknown,,,
fk_runup_dummy_14,other,unknown,,,
fk_runup_dummy_15,other,unknown,,,
fk_runup_dummy_16,other,unknown,,,
fk_runup_honda,other,unknown,,,
fk_runup_jadson,other,unknown,,,
fk_runup_pass,other,unknown,,,
fk_runup_reus,other,unknown,,,
fk_runup_robecal,other,unknown,,,
fk_runup_ronaldinho,other,unknown,,,
fk_runup_ronaldinho_2,other,unknown,,,
fk_runup_sub,other,unknown,,,
fk_side_L,other,unknown,,,
fk_side_R,other,unknown,,,
fk_through,other,unknown,,,
gdml_pk_goal_gk_connect01_rise_hop_01_045,other,unknown,,,045
gdml_pk_goal_gk_connect01_rise_hop_02_045,other,unknown,,,045
gdml_pk_goal_gk_connect01_rise_kneeR_01_045,other,unknown,,,045
gdml_pk_goal_gk_connect01_rise_kneeR_02_000,other,unknown,,,000
gdml_pk_goal_shoot_000_connect01_front_left_01_135,other,unknown,,,000
gdml_pk_goal_shoot_000_connect01_front_left_02_135,other,unknown,,,000
gdml_pk_goal_shoot_000_connect01_front_right_01_150,other,unknown,,,000
gdml_pk_goal_shoot_000_connect01_front_right_02_135,other,unknown,,,000
gdml_pk_goal_shoot_000_connect02_front_both_01_135,other,unknown,,,000
gdml_pk_goal_shoot_000_connect02_front_both_02_135,other,unknown,,,000
gdml_pk_goal_shoot_000_connect02_front_left_01_f135,other,unknown,,,000
gdml_pk_goal_shoot_000_connect02_front_left_02_f135,other,unknown,,,000
gdml_pk_goal_shoot_045_connect02_side_both_01_090,other,unknown,,,045
gdml_pk_goal_shoot_045_connect02_side_both_02_115,other,unknown,,,045
gdml_pk_miss_gk_connect01_catch_idle_halfsit_01_045,other,unknown,,,045
gdml_pk_miss_gk_connect01_catch_idle_halfsit_02_045,other,unknown,,,045
gdml_pk_miss_gk_connect01_catch_idle_stand_01_045,other,unknown,,,045
gdml_pk_miss_gk_connect01_catch_idle_stand_02_045,other,unknown,,,045
gdml_pk_miss_gk_connect01_catch_idle_stand_hold_01_045,other,unknown,,,045
gdml_pk_miss_gk_connect01_catch_idle_stand_hold_02_045,other,unknown,,,045
gdml_pk_miss_gk_connect01_rise_hop_01_045,other,unknown,,,045
gdml_pk_miss_gk_connect01_rise_hop_02_045,other,unknown,,,045
gdml_pk_miss_gk_connect01_rise_kneeR_01_045,other,unknown,,,045
gdml_pk_miss_shoot_000_connect01_front_left_01_135,other,unknown,,,000
gdml_pk_miss_shoot_000_connect01_front_left_02_135,other,unknown,,,000
gdml_pk_miss_shoot_000_connect01_front_right_01_f145,other,unknown,,,000
gdml_pk_miss_shoot_000_connect01_front_right_02_f135,other,unknown,,,000
gdml_pk_miss_shoot_000_connect02_front_both_01_135,other,unknown,,,000
gdml_pk_miss_shoot_000_connect02_front_both_02_135,other,unknown,,,000
gdml_pk_miss_shoot_000_connect02_front_left_01_135,other,unknown,,,000
gdml_pk_miss_shoot_000_connect02_front_left_02_135,other,unknown,,,000
gdml_pk_miss_shoot_045_connect02_side_both_01_135,other,unknown,,,045
gdml_pk_miss_shoot_045_connect02_side_both_02_135,other,unknown,,,045
gdml_pk_win_gk_connect01_catch_idle_halfsit_01_000,other,unknown,,,000
gdml_pk_win_gk_connect01_catch_idle_stand_01_000,other,unknown,,,000
gdml_pk_win_gk_connect01_catch_idle_stand_hold_01_000,other,unknown,,,000
gdml_pk_win_gk_connect01_rise_hop_01_f045,other,unknown,,,045
gdml_pk_win_gk_connect01_rise_kneeR_01_000,other,unknown,,,000
gdml_pk_win_shoot_000_connect01_front_left_f180,other,unknown,,,000
gdml_pk_win_shoot_000_connect01_front_right_180,other,unknown,,,000
gdml_pk_win_shoot_000_connect02_front_both_180,other,unknown,,,000
gdml_pk_win_shoot_000_connect02_front_left_f180,other,unknown,,,000
gdml_pk_win_shoot_045_connect02_side_both_160,other,unknown,,,045
gkblock_lie_f00_0_0_000_dive,keeper,keeper,idle,idle,000
gkblock_lie_f00_0_0_y04_000_dive,keeper,keeper,idle,idle,000
gkblock_lie_f03_0_0_y04_000_dive_body,keeper,keeper,idle,idle,000
gkblock_lie_s02_0_0_y02_000_otherside,keeper,keeper,idle,idle,000
gkblock_lie_s02_0_3_000_dive,keeper,keeper,idle,sprint,000
gkblock_lie_s02_0_3_090_dive,keeper,keeper,idle,sprint,090
gkblock_lie_s03_0_0_y00_000_otherside,keeper,keeper,idle,idle,000
gkblock_lie_s04_0_3_f090_dive,keeper,keeper,idle,sprint,090
gkblock_s01_otherside_3_0_after_y01,keeper,keeper,sprint,idle,
gkblock_s01_otherside_3_0_after_y05,keeper,keeper,sprint,idle,
gkblock_s03_3_0_000_postcrash,keeper,keeper,sprint,idle,000
gkblockcover_crash_f03_3_0_y02,keeper,keeper,sprint,idle,
gkblockcover_f00_0_0_y00,keeper,keeper,idle,idle,
gkblockcover_f00_0_0_y02,keeper,keeper,idle,idle,
gkblockcover_f00_0_0_y04,keeper,keeper,idle,idle,
gkblockcover_f00_0_0_y06,keeper,keeper,idle,idle,
gkblockcover_f01_0_0_y02,keeper,keeper,idle,idle,
gkblockcover_f01_0_0_y04,keeper,keeper,idle,idle,
gkblockcover_f01_0_0_y06,keeper,keeper,idle,idle,
gkblockcover_f02_dive_3_0_y02_low,keeper,keeper,sprint,idle,
gkblockcover_f03_dive_3_0_y00,keeper,keeper,sprint,idle,
gkblockcover_f03_dive_3_0_y02,keeper,keeper,sprint,idle,
gkblockcover_f03_dive_3_0_y02_low,keeper,keeper,sprint,idle,
gkblockcover_f03_dive_3_0_y02_slidingCancel,keeper,keeper,sprint,idle,
gkblockcover_f03_dive_3_0_y02_wide,keeper,keeper,sprint,idle,
gkblockcover_f03_dive_3_0_y04,keeper,keeper,sprint,idle,
gkblockcover_f03_dive_3_0_y06,keeper,keeper,sprint,idle,
gkblockcover_s01_0_0_y02,keeper,keeper,idle,idle,
gkblockcover_s01_0_0_y04,keeper,keeper,idle,idle,
gkblockcover_s01_0_0_y06,keeper,keeper,idle,idle,
gkblockcover_s02_dive_0_0_y02,keeper,keeper,idle,idle,
gkblockcover_s02_dive_0_0_y04,keeper,keeper,idle,idle,
gkblockcover_s02_dive_0_0_y06,keeper,keeper,idle,idle,
gkblockcover_s03_3_0_y00,keeper,keeper,sprint,idle,
gkblockcover_s03_dive_0_0_y02,keeper,keeper,idle,idle,
gkblockcover_s03_dive_0_0_y04,keeper,keeper,idle,idle,
gkblockcover_s03_dive_0_0_y06,keeper,keeper,idle,idle,
gkblockcover_s04_dive_0_0_y00,keeper,keeper,idle,idle,
gkblockcover_s04_dive_0_0_y02,keeper,keeper,idle,idle,
gkblockcover_s04_dive_0_0_y02_punch,keeper,keeper,idle,idle,
gkblockcover_s04_dive_0_0_y04,keeper,keeper,idle,idle,
gkblockcover_s04_dive_0_0_y06,keeper,keeper,idle,idle,
gkcatch_b00_0_0_y00,keeper,keeper,idle,idle,
gkcatch_b03_0_0_y08,keeper,keeper,idle,idle,
gkcatch_b03_0_0_y10,keeper,keeper,idle,idle,
gkcatch_f00_0_0_y00,keeper,keeper,idle,idle,
gkcatch_f00_0_0_y02,keeper,keeper,idle,idle,
gkcatch_f00_0_0_y02_light,keeper,keeper,idle,idle,
gkcatch_f00_0_0_y04,keeper,keeper,idle,idle,
gkcatch_f00_0_0_y04_light,keeper,keeper,idle,idle,
gkcatch_f00_0_0_y06,keeper,keeper,idle,idle,
gkcatch_f00_0_0_y06_hard,keeper,keeper,idle,idle,
gkcatch_f00_0_0_y08,keeper,keeper,idle,idle,
gkcatch_f00_0_0_y10,keeper,keeper,idle,idle,
gkcatch_f00_hold_0_0_y00,keeper,keeper,idle,idle,
gkcatch_f00_hold_0_0_y02,keeper,keeper,idle,idle,
gkcatch_f00_hold_0_0_y04,keeper,keeper,idle,idle,
gkcatch_f02_dive_3_0_y00_fast,keeper,keeper,sprint,idle,
gkcatch_f02_diveline_3_0_y00,keeper,keeper,sprint,idle,
gkcatch_f02_diveline_3_0_y02,keeper,keeper,sprint,idle,
gkcatch_f02_diveline_3_0_y05,keeper,keeper,sprint,idle,
gkcatch_f03_3_3_y00,keeper,keeper,sprint,sprint,
gkcatch_f03_3_3_y02,keeper,keeper,sprint,sprint,
gkcatch_f03_3_3_y04,keeper,keeper,sprint,sprint,
gkcatch_f03_3_3_y06,keeper,keeper,sprint,sprint,
gkcatch_f03_3_3_y08,keeper,keeper,sprint,sprint,
gkcatch_f03_3_3_y10,keeper,keeper,sprint,sprint,
gkcatch_f03_dive_3_0_y00,keeper,keeper,sprint,idle,
gkcatch_f03_dive_3_0_y00_fast,keeper,keeper,sprint,idle,
gkcatch_f03_dive_3_0_y02,keeper,keeper,sprint,idle,
gkcatch_f03_dive_3_0_y02_fast,keeper,keeper,sprint,idle,
gkcatch_f03_dive_3_0_y04,keeper,keeper,sprint,idle,
gkcatch_f03_dive_3_0_y04_fast,keeper,keeper,sprint,idle,
gkcatch_f03_dive_3_0_y06,keeper,keeper,sprint,idle,
gkcatch_f03_dive_3_0_y06_fast,keeper,keeper,sprint,idle,
gkcatch_f03_diveguard_3_0_y00,keeper,keeper,sprint,idle,
gkcatch_f03_diveguard_3_0_y02,keeper,keeper,sprint,idle,
gkcatch_f03_diveguard_3_0_y04,keeper,keeper,sprint,idle,
gkcatch_f03_diveguard_3_0_y06,keeper,keeper,sprint,idle,
gkcatch_lie_f04_0_3_000_dive,keeper,keeper,idle,sprint,000
gkcatch_lie_f05_0_3_000_dive,keeper,keeper,idle,sprint,000
gkcatch_lie_near_000,keeper,keeper,,,000
gkcatch_lie_near_090,keeper,keeper,,,090
gkcatch_lie_near_180,keeper,keeper,,,180
gkcatch_lie_near_y04_000,keeper,keeper,,,000
gkcatch_lie_s02_0_3_000_dive,keeper,keeper,idle,sprint,000
gkcatch_lie_s02_0_3_090_dive,keeper,keeper,idle,sprint,090
gkcatch_lie_s02_0_3_f090_dive,keeper,keeper,idle,sprint,090
gkcatch_lie_s04_0_3_090_dive,keeper,keeper,idle,sprint,090
gkcatch_lie_s04_0_3_f090_dive,keeper,keeper,idle,sprint,090
gkcatch_s01_0_0_y00,keeper,keeper,idle,idle,
gkcatch_s01_0_0_y02,keeper,keeper,idle,idle,
gkcatch_s01_0_0_y04,keeper,keeper,idle,idle,
gkcatch_s01_0_0_y06,keeper,keeper,idle,idle,
gkcatch_s01_0_0_y08,keeper,keeper,idle,idle,
gkcatch_s01_0_0_y08_back,keeper,keeper,idle,idle,
gkcatch_s01_0_0_y10,keeper,keeper,idle,idle,
gkcatch_s01_0_0_y10_back,keeper,keeper,idle,idle,
gkcatch_s01_3_0_y00_045,keeper,keeper,sprint,idle,045
gkcatch_s01_slide_0_0_y00,keeper,keeper,idle,idle,
gkcatch_s01_slide_0_0_y02,keeper,keeper,idle,idle,
gkcatch_s01_slide_0_0_y04,keeper,keeper,idle,idle,
gkcatch_s01_slide_0_0_y06,keeper,keeper,idle,idle,
gkcatch_s01_slide_0_0_y08,keeper,keeper,idle,idle,
gkcatch_s01_slide_0_0_y10,keeper,keeper,idle,idle,
gkcatch_s01b01_2_0_y00,keeper,keeper,walk,idle,
gkcatch_s02_0_0_y00,keeper,keeper,idle,idle,
gkcatch_s02_0_0_y02,keeper,keeper,idle,idle,
gkcatch_s02_0_0_y04,keeper,keeper,idle,idle,
gkcatch_s02_0_0_y04_long,keeper,keeper,idle,idle,
gkcatch_s02_0_0_y06,keeper,keeper,idle,idle,
gkcatch_s02_0_0_y08,keeper,keeper,idle,idle,
gkcatch_s02_0_0_y10,keeper,keeper,idle,idle,
gkcatch_s02_0_2_y00_stand,keeper,keeper,idle,walk,
gkcatch_s02_0_2_y02_stand,keeper,keeper,idle,walk,
gkcatch_s02_0_2_y04_stand,keeper,keeper,idle,walk,
gkcatch_s02_0_2_y06_stand,keeper,keeper,idle,walk,
gkcatch_s02_0_2_y08_stand,keeper,keeper,idle,walk,
gkcatch_s02_0_2_y10_stand,keeper,keeper,idle,walk,
gkcatch_s03_0_0_y00,keeper,keeper,idle,idle,
gkcatch_s03_0_0_y02,keeper,keeper,idle,idle,
gkcatch_s03_0_0_y04,keeper,keeper,idle,idle,
gkcatch_s03_0_0_y06,keeper,keeper,idle,idle,
gkcatch_s03_0_0_y08,keeper,keeper,idle,idle,
gkcatch_s03_0_0_y10,keeper,keeper,idle,idle,
gkcatch_s03b01_2_0_y00_line,keeper,keeper,walk,idle,
gkcatch_s03b01_2_0_y02_line,keeper,keeper,walk,idle,
gkcatch_s04_0_0_y00,keeper,keeper,idle,idle,
gkcatch_s04_0_0_y02,keeper,keeper,idle,idle,
gkcatch_s04_0_0_y04,keeper,keeper,idle,idle,
gkcatch_s04_0_0_y06,keeper,keeper,idle,idle,
gkcatch_s04_0_0_y08,keeper,keeper,idle,idle,
gkcatch_s04_0_0_y10,keeper,keeper,idle,idle,
gkcatch_s05_0_0_y00,keeper,keeper,idle,idle,
gkcatch_s05_0_0_y02,keeper,keeper,idle,idle,
gkcatch_s05_0_0_y04,keeper,keeper,idle,idle,
gkcatch_s05_0_0_y06,keeper,keeper,idle,idle,
gkcatch_s05_0_0_y08,keeper,keeper,idle,idle,
gkcatch_s05_0_0_y10,keeper,keeper,idle,idle,
gkclear_lie_f04_0_3_000,keeper,keeper,idle,sprint,000
gkclear_lie_s02_0_3_000,keeper,keeper,idle,sprint,000
gkclear_lie_s02_0_3_090,keeper,keeper,idle,sprint,090
gkclear_lie_s02_0_3_f090,keeper,keeper,idle,sprint,090
gkcoaching_high_0_0_lower_goalkick,keeper,keeper,idle,idle,
gkcoaching_high_0_0_up_goalkick,keeper,keeper,idle,idle,
gkcollapsingFoot_f00_0_0_y02,keeper,keeper,idle,idle,
gkcollapsing_F00b02_y06,keeper,keeper,,,
gkcollapsing_f00_0_0_y00,keeper,keeper,idle,idle,
gkcollapsing_f00_0_0_y02,keeper,keeper,idle,idle,
gkcollapsing_f00_0_0_y04,keeper,keeper,idle,idle,
gkcollapsing_f00_0_0_y06,keeper,keeper,idle,idle,
gkcollapsing_f00_0_0_y08,keeper,keeper,idle,idle,
gkcollapsing_f00_0_0_y10,keeper,keeper,idle,idle,
gkcollapsing_s01_0_0_y00,keeper,keeper,idle,idle,
gkcollapsing_s01_0_0_y02,keeper,keeper,idle,idle,
gkcollapsing_s01_0_0_y04,keeper,keeper,idle,idle,
gkcollapsing_s01_0_0_y04_stand,keeper,keeper,idle,idle,
gkcollapsing_s01_0_0_y06,keeper,keeper,idle,idle,
gkcollapsing_s01_0_0_y06_long,keeper,keeper,idle,idle,
gkcollapsing_s01_0_0_y06_stand,keeper,keeper,idle,idle,
gkcollapsing_s01_0_0_y08,keeper,keeper,idle,idle,
gkcollapsing_s01_0_0_y08_stand,keeper,keeper,idle,idle,
gkcollapsing_s01_0_0_y10,keeper,keeper,idle,idle,
gkcollapsing_s01_0_0_y10_crossbar,keeper,keeper,idle,idle,
gkcollapsing_s01b01_2_0_y00,keeper,keeper,walk,idle,
gkcollapsing_s01b01_2_0_y02,keeper,keeper,walk,idle,
gkcollapsing_s01b01_2_0_y04,keeper,keeper,walk,idle,
gkcollapsing_s01b01_2_0_y06,keeper,keeper,walk,idle,
gkcollapsing_s01b01_2_0_y08,keeper,keeper,walk,idle,
gkcollapsing_s01b01_2_0_y10,keeper,keeper,walk,idle,
gkcollapsing_s02_0_0_y00,keeper,keeper,idle,idle,
gkcollapsing_s02_0_0_y00_long,keeper,keeper,idle,idle,
gkcollapsing_s02_0_0_y00_stand,keeper,keeper,idle,idle,
gkcollapsing_s02_0_0_y02,keeper,keeper,idle,idle,
gkcollapsing_s02_0_0_y04,keeper,keeper,idle,idle,
gkcollapsing_s02_0_0_y04_long,keeper,keeper,idle,idle,
gkcollapsing_s02_0_0_y04_stand,keeper,keeper,idle,idle,
gkcollapsing_s02_0_0_y06,keeper,keeper,idle,idle,
gkcollapsing_s02_0_0_y06_stand,keeper,keeper,idle,idle,
gkcollapsing_s02_0_0_y08,keeper,keeper,idle,idle,
gkcollapsing_s02_0_0_y08_stand,keeper,keeper,idle,idle,
gkcollapsing_s02_0_0_y10,keeper,keeper,idle,idle,
gkcollapsing_s02_0_0_y10_crossbar,keeper,keeper,idle,idle,
gkcollapsing_s02b01_2_0_y00,keeper,keeper,walk,idle,
gkcollapsing_s02b01_2_0_y02,keeper,keeper,walk,idle,
gkcollapsing_s02b01_2_0_y04,keeper,keeper,walk,idle,
gkcollapsing_s02b01_2_0_y06,keeper,keeper,walk,idle,
gkcollapsing_s02b01_2_0_y08,keeper,keeper,walk,idle,
gkcollapsing_s02b01_2_0_y10,keeper,keeper,walk,idle,
gkcollapsing_s03_0_0_y00,keeper,keeper,idle,idle,
gkcollapsing_s03_0_0_y02,keeper,keeper,idle,idle,
gkcollapsing_s03_0_0_y04,keeper,keeper,idle,idle,
gkcollapsing_s03_0_0_y06,keeper,keeper,idle,idle,
gkcollapsing_s03_0_0_y08,keeper,keeper,idle,idle,
gkcollapsing_s03_0_0_y10,keeper,keeper,idle,idle,
gkcollapsing_s03_0_0_y10_crossbar,keeper,keeper,idle,idle,
gkcollapsing_s04_0_0_y00,keeper,keeper,idle,idle,
gkcollapsing_s04_0_0_y02,keeper,keeper,idle,idle,
gkcollapsing_s04_0_0_y04,keeper,keeper,idle,idle,
gkcollapsing_s04_0_0_y06,keeper,keeper,idle,idle,
gkcollapsing_s04_0_0_y08,keeper,keeper,idle,idle,
gkcollapsing_s04_0_0_y10,keeper,keeper,idle,idle,
gkcollapsing_s04_0_0_y10_crossbar,keeper,keeper,idle,idle,
gkcollapsing_s04_0_0_y10_upperhand,keeper,keeper,idle,idle,
gkdeflectClear_f00_0_0_y00_000,keeper,keeper,idle,idle,000
gkdeflectClear_f01_0_0_y00_000,keeper,keeper,idle,idle,000
gkdeflectClear_f01_0_0_y00_000_stand,keeper,keeper,idle,idle,000
gkdeflectClear_f02_0_0_y02_090,keeper,keeper,idle,idle,090
gkdeflectClear_f02_0_0_y04_090,keeper,keeper,idle,idle,090
gkdeflectClear_f02_3_0_y00_000,keeper,keeper,sprint,idle,000
gkdeflectClear_f03_0_0_y00_000,keeper,keeper,idle,idle,000
gkdeflectClear_f03_0_0_y04_000,keeper,keeper,idle,idle,000
gkdeflectClear_f03_3_0_y00_090,keeper,keeper,sprint,idle,090
gkdeflectClear_f03_3_0_y02_090,keeper,keeper,sprint,idle,090
gkdeflectClear_f03_3_0_y04_090,keeper,keeper,sprint,idle,090
gkdeflectClear_s01_0_0_y00_000,keeper,keeper,idle,idle,000
gkdeflectClear_s01_0_0_y02_000,keeper,keeper,idle,idle,000
gkdeflectClear_s02_0_0_y00_000,keeper,keeper,idle,idle,000
gkdeflectClear_s02_0_0_y02_000,keeper,keeper,idle,idle,000
gkdeflectClear_s03_0_0_y00_000,keeper,keeper,idle,idle,000
gkdeflectClear_s03_0_0_y02_000,keeper,keeper,idle,idle,000
gkdeflectClear_s03_3_0_y00_000,keeper,keeper,sprint,idle,000
gkdeflectClear_s04_0_0_y00_000,keeper,keeper,idle,idle,000
gkdeflectClear_s04_0_0_y02_000,keeper,keeper,idle,idle,000
gkdeflectClear_s04_3_0_y00_090,keeper,keeper,sprint,idle,090
gkdeflectExpect3_s01_0_0_y00,keeper,keeper,idle,idle,
gkdeflectExpect3_s01_0_0_y02,keeper,keeper,idle,idle,
gkdeflectExpect3_s01_0_0_y04,keeper,keeper,idle,idle,
gkdeflectExpect3_s01_0_0_y06,keeper,keeper,idle,idle,
gkdeflectExpect3_s01_0_0_y08,keeper,keeper,idle,idle,
gkdeflectExpect3_s01_0_0_y10,keeper,keeper,idle,idle,
gkdeflectExpect_s02_3_0_y00,keeper,keeper,sprint,idle,
gkdeflectExpect_s02_3_0_y02,keeper,keeper,sprint,idle,
gkdeflectExpect_s02_3_0_y04,keeper,keeper,sprint,idle,
gkdeflectExpect_s02_3_0_y06,keeper,keeper,sprint,idle,
gkdeflectExpect_s02_3_0_y08,keeper,keeper,sprint,idle,
gkdeflectExpect_s02_3_0_y10,keeper,keeper,sprint,idle,
gkdeflectFoot_f00_0_0_y00,keeper,keeper,idle,idle,
gkdeflectFoot_s01_0_0_y00,keeper,keeper,idle,idle,
gkdeflectFoot_s01_0_0_y00_Reverse,keeper,keeper,idle,idle,
gkdeflectFoot_s02_0_0_y00,keeper,keeper,idle,idle,
gkdeflectFoot_s03_3_0_y00,keeper,keeper,sprint,idle,
gkdeflect_b00_0_0_y10,keeper,keeper,idle,idle,
gkdeflect_b03_3_0_y10,keeper,keeper,sprint,idle,
gkdeflect_b03_snapunder_3_0_y04,keeper,keeper,sprint,idle,
gkdeflect_b03_snapunder_3_0_y08,keeper,keeper,sprint,idle,
gkdeflect_b03_snapunder_3_0_y10,keeper,keeper,sprint,idle,
gkdeflect_b04_3_0_y10,keeper,keeper,sprint,idle,
gkdeflect_f00_0_0_y00,keeper,keeper,idle,idle,
gkdeflect_f00_0_0_y02,keeper,keeper,idle,idle,
gkdeflect_f00_0_0_y04,keeper,keeper,idle,idle,
gkdeflect_f00_0_0_y06,keeper,keeper,idle,idle,
gkdeflect_f00_0_0_y08,keeper,keeper,idle,idle,
gkdeflect_f00_0_0_y10,keeper,keeper,idle,idle,
gkdeflect_f00_0_0_y10_slowball,keeper,keeper,idle,idle,
gkdeflect_f00_0_0_y11_090,keeper,keeper,idle,idle,090
gkdeflect_f00_otherside_0_0_after_y00,keeper,keeper,idle,idle,
gkdeflect_f00_otherside_0_0_after_y02,keeper,keeper,idle,idle,
gkdeflect_f00_otherside_0_0_after_y04,keeper,keeper,idle,idle,
gkdeflect_f00_otherside_0_0_after_y06,keeper,keeper,idle,idle,
gkdeflect_f00_otherside_3_0_after_y00,keeper,keeper,sprint,idle,
gkdeflect_f00_otherside_3_0_after_y02,keeper,keeper,sprint,idle,
gkdeflect_f00_otherside_3_0_after_y04,keeper,keeper,sprint,idle,
gkdeflect_f00_otherside_3_0_after_y06,keeper,keeper,sprint,idle,
gkdeflect_f00_otherside_3_0_after_y08,keeper,keeper,sprint,idle,
gkdeflect_f00_snapunder_0_0_y00,keeper,keeper,idle,idle,
gkdeflect_f00_snapunder_0_0_y04,keeper,keeper,idle,idle,
gkdeflect_f00_snapunder_0_0_y06,keeper,keeper,idle,idle,
gkdeflect_f00_snapunder_0_0_y08,keeper,keeper,idle,idle,
gkdeflect_f00_snapunder_0_0_y10,keeper,keeper,idle,idle,
gkdeflect_f00b02_y06,keeper,keeper,,,
gkdeflect_f01_0_0_y10_slowball,keeper,keeper,idle,idle,
gkdeflect_f02_3_0_y08_000,keeper,keeper,sprint,idle,000
gkdeflect_f02_3_0_y10_000,keeper,keeper,sprint,idle,000
gkdeflect_f03_3_0_y05_090,keeper,keeper,sprint,idle,090
gkdeflect_f03_3_0_y10_000,keeper,keeper,sprint,idle,000
gkdeflect_f04_3_0_y00_090,keeper,keeper,sprint,idle,090
gkdeflect_f04_3_0_y02_090,keeper,keeper,sprint,idle,090
gkdeflect_f04_3_0_y05_090,keeper,keeper,sprint,idle,090
gkdeflect_f04_3_0_y08_000,keeper,keeper,sprint,idle,000
gkdeflect_f04_3_0_y10_000,keeper,keeper,sprint,idle,000
gkdeflect_f05_3_0_y00_180,keeper,keeper,sprint,idle,180
gkdeflect_f05_3_0_y02_180,keeper,keeper,sprint,idle,180
gkdeflect_f05_3_0_y05_090,keeper,keeper,sprint,idle,090
gkdeflect_f05_3_0_y08_000,keeper,keeper,sprint,idle,000
gkdeflect_f05_3_0_y10_000,keeper,keeper,sprint,idle,000
gkdeflect_f05_3_0_y10_090,keeper,keeper,sprint,idle,090
gkdeflect_lie_s02_0_0_y00,keeper,keeper,idle,idle,
gkdeflect_lie_s02_0_0_y04,keeper,keeper,idle,idle,
gkdeflect_lie_s03_0_0_y00,keeper,keeper,idle,idle,
gkdeflect_lie_s03_0_0_y04,keeper,keeper,idle,idle,
gkdeflect_pk_s01_0_0_y00,keeper,keeper,idle,idle,
gkdeflect_pk_s01_0_0_y08,keeper,keeper,idle,idle,
gkdeflect_pk_s03_0_0_y05_resign,keeper,keeper,idle,idle,
gkdeflect_s01_0_0_y00,keeper,keeper,idle,idle,
gkdeflect_s01_0_0_y02,keeper,keeper,idle,idle,
gkdeflect_s01_0_0_y02_long,keeper,keeper,idle,idle,
gkdeflect_s01_0_0_y04,keeper,keeper,idle,idle,
gkdeflect_s01_0_0_y04_long,keeper,keeper,idle,idle,
gkdeflect_s01_0_0_y06,keeper,keeper,idle,idle,
gkdeflect_s01_0_0_y08,keeper,keeper,idle,idle,
gkdeflect_s01_0_0_y10,keeper,keeper,idle,idle,
gkdeflect_s01_0_0_y10_slowball,keeper,keeper,idle,idle,
gkdeflect_s01_otherside_3_0_after_y00,keeper,keeper,sprint,idle,
gkdeflect_s01_otherside_3_0_after_y02,keeper,keeper,sprint,idle,
gkdeflect_s01_otherside_3_0_after_y05,keeper,keeper,sprint,idle,
gkdeflect_s01_otherside_3_0_after_y08,keeper,keeper,sprint,idle,
gkdeflect_s01_otherside_3_0_after_y10,keeper,keeper,sprint,idle,
gkdeflect_s01_snapunder_0_0_y00,keeper,keeper,idle,idle,
gkdeflect_s01_snapunder_0_0_y04,keeper,keeper,idle,idle,
gkdeflect_s01_snapunder_0_0_y08,keeper,keeper,idle,idle,
gkdeflect_s01_snapunder_0_0_y10,keeper,keeper,idle,idle,
gkdeflect_s02_0_0_y00,keeper,keeper,idle,idle,
gkdeflect_s02_0_0_y02,keeper,keeper,idle,idle,
gkdeflect_s02_0_0_y04,keeper,keeper,idle,idle,
gkdeflect_s02_0_0_y04_long,keeper,keeper,idle,idle,
gkdeflect_s02_0_0_y06,keeper,keeper,idle,idle,
gkdeflect_s02_0_0_y06_long,keeper,keeper,idle,idle,
gkdeflect_s02_0_0_y08,keeper,keeper,idle,idle,
gkdeflect_s02_0_0_y10,keeper,keeper,idle,idle,
gkdeflect_s02_0_0_y10_slowball,keeper,keeper,idle,idle,
gkdeflect_s02_snapunder_0_0_y05,keeper,keeper,idle,idle,
gkdeflect_s02_snapunder_0_0_y08,keeper,keeper,idle,idle,
gkdeflect_s03_0_0_y00,keeper,keeper,idle,idle,
gkdeflect_s03_0_0_y02,keeper,keeper,idle,idle,
gkdeflect_s03_0_0_y04,keeper,keeper,idle,idle,
gkdeflect_s03_0_0_y06,keeper,keeper,idle,idle,
gkdeflect_s03_0_0_y08,keeper,keeper,idle,idle,
gkdeflect_s03_0_0_y10,keeper,keeper,idle,idle,
gkdeflect_s03_snapunder_0_0_y00,keeper,keeper,idle,idle,
gkdeflect_s03_snapunder_0_0_y04,keeper,keeper,idle,idle,
gkdeflect_s03_snapunder_0_0_y08,keeper,keeper,idle,idle,
gkdeflect_s03_snapunder_0_0_y10,keeper,keeper,idle,idle,
gkdeflect_s04_0_0_y00,keeper,keeper,idle,idle,
gkdeflect_s04_0_0_y02,keeper,keeper,idle,idle,
gkdeflect_s04_0_0_y04,keeper,keeper,idle,idle,
gkdeflect_s04_0_0_y06,keeper,keeper,idle,idle,
gkdeflect_s04_0_0_y06_physical,keeper,keeper,idle,idle,
gkdeflect_s04_0_0_y08,keeper,keeper,idle,idle,
gkdeflect_s04_0_0_y10,keeper,keeper,idle,idle,
gkdeflect_s04_0_0_y10_physical,keeper,keeper,idle,idle,
gkdeflect_s04_snapunder_0_0_y00,keeper,keeper,idle,idle,
gkdeflect_s05_0_0_y00,keeper,keeper,idle,idle,
gkdeflect_s05_0_0_y02,keeper,keeper,idle,idle,
gkdeflect_s05_0_0_y04,keeper,keeper,idle,idle,
gkdeflect_s05_0_0_y06,keeper,keeper,idle,idle,
gkdeflect_s05_0_0_y08,keeper,keeper,idle,idle,
gkdeflect_s05_0_0_y10,keeper,keeper,idle,idle,
gkdeflect_stagger_f02_0_0_y08,keeper,keeper,idle,idle,
gkdeflect_stagger_f02_0_0_y10,keeper,keeper,idle,idle,
gkdeflect_stagger_s02_0_0_y08,keeper,keeper,idle,idle,
gkdeflect_stagger_s02_0_0_y10,keeper,keeper,idle,idle,
gkdeflectlate_f00_0_0_y00,keeper,keeper,idle,idle,
gkdeflectlate_f00_0_0_y00_nutmeg,keeper,keeper,idle,idle,
gkdeflectlate_f00_0_0_y02,keeper,keeper,idle,idle,
gkdeflectlate_f00_0_0_y02_unjust,keeper,keeper,idle,idle,
gkdeflectlate_f00_0_0_y04,keeper,keeper,idle,idle,
gkdeflectlate_f00_0_0_y05_unjust,keeper,keeper,idle,idle,
gkdeflectlate_f00_0_0_y06,keeper,keeper,idle,idle,
gkdeflectlate_f00_0_0_y08,keeper,keeper,idle,idle,
gkdeflectlate_f00_0_0_y10,keeper,keeper,idle,idle,
gkdeflectlate_f00y04,keeper,keeper,,,
gkdeflectlate_f00y04_standreaction,keeper,keeper,,,
gkdeflectlate_s01_0_0_y00,keeper,keeper,idle,idle,
gkdeflectlate_s01_0_0_y00_nutmeg,keeper,keeper,idle,idle,
gkdeflectlate_s01_0_0_y02,keeper,keeper,idle,idle,
gkdeflectlate_s01_0_0_y02_unjust,keeper,keeper,idle,idle,
gkdeflectlate_s01_0_0_y04,keeper,keeper,idle,idle,
gkdeflectlate_s01_0_0_y05_unjust,keeper,keeper,idle,idle,
gkdeflectlate_s01_0_0_y06,keeper,keeper,idle,idle,
gkdeflectlate_s01_0_0_y08,keeper,keeper,idle,idle,
gkdeflectlate_s01_0_0_y10,keeper,keeper,idle,idle,
gkdeflectlate_s02_0_0_y06,keeper,keeper,idle,idle,
gkdeflectlate_s03_0_0_y00,keeper,keeper,idle,idle,
gkdeflectlate_s03_0_0_y02,keeper,keeper,idle,idle,
gkdeflectlate_s03_0_0_y04,keeper,keeper,idle,idle,
gkdeflectlate_s03_0_0_y06,keeper,keeper,idle,idle,
gkdeflectlate_s03_0_0_y08,keeper,keeper,idle,idle,
gkdeflectlate_s03_0_0_y10,keeper,keeper,idle,idle,
gkdeflectlate_s04_0_0_y04,keeper,keeper,idle,idle,
gkdeflectlate_s04_0_0_y06,keeper,keeper,idle,idle,
gkdeflectlate_s04_0_0_y08,keeper,keeper,idle,idle,
gkdeflectscoop_f00b01_0_0_y00_000,keeper,keeper,idle,idle,000
gkdeflectscoop_f00b01_0_0_y02_000,keeper,keeper,idle,idle,000
gkdeflectscoop_f00b01_0_0_y04_000,keeper,keeper,idle,idle,000
gkdeflectscoop_f00b01_0_0_y06_000,keeper,keeper,idle,idle,000
gkdeflectscoop_f00b01_0_0_y08_000,keeper,keeper,idle,idle,000
gkdeflectscoop_f00b01_0_0_y10_000,keeper,keeper,idle,idle,000
gkdeflectscoop_f00b02_0_0_y10_090,keeper,keeper,idle,idle,090
gkdeflectscoop_s01b01_0_0_y00_000,keeper,keeper,idle,idle,000
gkdeflectscoop_s01b01_0_0_y02_000,keeper,keeper,idle,idle,000
gkdeflectscoop_s01b01_0_0_y02_090_long,keeper,keeper,idle,idle,090
gkdeflectscoop_s01b01_0_0_y04_090,keeper,keeper,idle,idle,090
gkdeflectscoop_s01b01_0_0_y04_090_long,keeper,keeper,idle,idle,090
gkdeflectscoop_s01b01_0_0_y06_000,keeper,keeper,idle,idle,000
gkdeflectscoop_s01b01_0_0_y06_000_long,keeper,keeper,idle,idle,000
gkdeflectscoop_s01b01_0_0_y08_000,keeper,keeper,idle,idle,000
gkdeflectscoop_s01b01_0_0_y10_000,keeper,keeper,idle,idle,000
gkdeflectscoop_s02b01_0_0_y00_045,keeper,keeper,idle,idle,045
gkdeflectscoop_s02b01_0_0_y02_090,keeper,keeper,idle,idle,090
gkdeflectscoop_s02b01_0_0_y04_090,keeper,keeper,idle,idle,090
gkdeflectscoop_s02b01_0_0_y06_045,keeper,keeper,idle,idle,045
gkdeflectscoop_s02b01_0_0_y08_090,keeper,keeper,idle,idle,090
gkdeflectscoop_s02b01_0_0_y10_045,keeper,keeper,idle,idle,045
gkdeflectscoop_s03b01_0_0_y00_000,keeper,keeper,idle,idle,000
gkdeflectscoop_s03b01_0_0_y02_000,keeper,keeper,idle,idle,000
gkdeflectscoop_s03b01_0_0_y04_045,keeper,keeper,idle,idle,045
gkdeflectscoop_s03b01_0_0_y06_000,keeper,keeper,idle,idle,000
gkdeflectscoop_s03b01_0_0_y08_000,keeper,keeper,idle,idle,000
gkdeflectscoop_s03b01_0_0_y10_000,keeper,keeper,idle,idle,000
gkdeflectscoop_s04b01_0_0_y00_090,keeper,keeper,idle,idle,090
gkdeflectscoop_s04b01_0_0_y02,keeper,keeper,idle,idle,
gkdeflectscoop_s04b01_0_0_y04_045,keeper,keeper,idle,idle,045
gkdeflectscoop_s04b01_0_0_y06_045,keeper,keeper,idle,idle,045
gkdeflectscoop_s04b01_0_0_y08_045,keeper,keeper,idle,idle,045
gkdeflectscoop_s04b01_0_0_y10_090,keeper,keeper,idle,idle,090
gkdropball_0_0,keeper,keeper,idle,idle,
gkdropball_0_0_fast,keeper,keeper,idle,idle,
gkdropball_0_3_fast,keeper,keeper,idle,sprint,
gkdropball_3_0,keeper,keeper,sprint,idle,
gkdropball_3_0_fast,keeper,keeper,sprint,idle,
gkdropball_3_3_fast,keeper,keeper,sprint,sprint,
gkfall_catch_0_0_y10_000,keeper,keeper,idle,idle,000
gkfall_catch_0_0_y10_090,keeper,keeper,idle,idle,090
gkfall_catch_0_0_y10_AfterFall,keeper,keeper,idle,idle,
gkfall_catch_0_0_y10_f090,keeper,keeper,idle,idle,090
gkfall_punch_0_0_y10_000,keeper,keeper,idle,idle,000
gkfall_punch_0_0_y10_090,keeper,keeper,idle,idle,090
gkfall_punch_0_0_y10_AfterFall,keeper,keeper,idle,idle,
gkfall_punch_0_0_y10_f090,keeper,keeper,idle,idle,090
gkgoalkick_idle_0_0,keeper,keeper,idle,idle,
gkgoalkick_inside_0_0_000,keeper,keeper,idle,idle,000
gkgoalkick_inside_0_0_045,keeper,keeper,idle,idle,045
gkgoalkick_inside_0_0_f045,keeper,keeper,idle,idle,045
gkgoalkick_instep_0_0,keeper,keeper,idle,idle,
gkgoalkick_instep_0_0_f045,keeper,keeper,idle,idle,045
gklie_facedownTosideways_0_0_045,keeper,keeper,idle,idle,045
gkmoveSeriesA_BackSlant_0_3,keeper,keeper,idle,sprint,
gkmoveSeriesA_BackSlant_1_1_Reverse,keeper,keeper,dribble,dribble,
gkmoveSeriesA_BackSlant_3_0,keeper,keeper,sprint,idle,
gkmoveSeriesA_BackSlant_3_1,keeper,keeper,sprint,dribble,
gkmoveSeriesA_BackSlant_3_3,keeper,keeper,sprint,sprint,
gkmoveSeriesA_BackSlant_3_3_reverse,keeper,keeper,sprint,sprint,
gkmoveSeriesA_Back_0_3,keeper,keeper,idle,sprint,
gkmoveSeriesA_Back_1_1_Reverse,keeper,keeper,dribble,dribble,
gkmoveSeriesA_Back_3_0,keeper,keeper,sprint,idle,
gkmoveSeriesA_Back_3_1,keeper,keeper,sprint,dribble,
gkmoveSeriesA_Back_3_3,keeper,keeper,sprint,sprint,
gkmoveSeriesA_Back_3_3_Reverse,keeper,keeper,sprint,sprint,
gkmoveSeriesA_Back_3_4_reverse,keeper,keeper,sprint,sprint,
gkmoveSeriesA_Front_0_3,keeper,keeper,idle,sprint,
gkmoveSeriesA_Front_0_4,keeper,keeper,idle,sprint,
gkmoveSeriesA_Front_1_1_Reverse,keeper,keeper,dribble,dribble,
gkmoveSeriesA_Front_3_0,keeper,keeper,sprint,idle,
gkmoveSeriesA_Front_3_1,keeper,keeper,sprint,dribble,
gkmoveSeriesA_Front_3_3,keeper,keeper,sprint,sprint,
gkmoveSeriesA_Front_3_3_Reverse,keeper,keeper,sprint,sprint,
gkmoveSeriesA_Front_4_0,keeper,keeper,sprint,idle,
gkmoveSeriesA_Front_4_1,keeper,keeper,sprint,dribble,
gkmoveSeriesA_Front_4_4,keeper,keeper,sprint,sprint,
gkmoveSeriesA_Side_1_1_Reverse,keeper,keeper,dribble,dribble,
gkmoveSeriesA_Side_3_1,keeper,keeper,sprint,dribble,
gkmoveSeriesA_Sidestep_0_3,keeper,keeper,idle,sprint,
gkmoveSeriesA_Sidestep_0_4,keeper,keeper,idle,sprint,
gkmoveSeriesA_Sidestep_3_0,keeper,keeper,sprint,idle,
gkmoveSeriesA_Sidestep_3_3,keeper,keeper,sprint,sprint,
gkmoveSeriesA_Sidestep_3_3_Reverse,keeper,keeper,sprint,sprint,
gkmoveSeriesA_Sidestep_4_0,keeper,keeper,sprint,idle,
gkmoveSeriesA_Sidestep_4_1,keeper,keeper,sprint,dribble,
gkmoveSeriesA_Sidestep_4_4,keeper,keeper,sprint,sprint,
gkmoveSeriesA_Sidestep_4_4_Reverse,keeper,keeper,sprint,sprint,
gkmoveSeriesA_Slant_0_3,keeper,keeper,idle,sprint,
gkmoveSeriesA_Slant_0_4,keeper,keeper,idle,sprint,
gkmoveSeriesA_Slant_1_1_Reverse,keeper,keeper,dribble,dribble,
gkmoveSeriesA_Slant_3_0,keeper,keeper,sprint,idle,
gkmoveSeriesA_Slant_3_1,keeper,keeper,sprint,dribble,
gkmoveSeriesA_Slant_3_3,keeper,keeper,sprint,sprint,
gkmoveSeriesA_Slant_3_3_reverse,keeper,keeper,sprint,sprint,
gkmoveSeriesA_Slant_4_0,keeper,keeper,sprint,idle,
gkmoveSeriesA_Slant_4_1,keeper,keeper,sprint,dribble,
gkmoveSeriesA_Slant_4_4,keeper,keeper,sprint,sprint,
gkmoveSeriesB_Back_2_2_90,keeper,keeper,walk,walk,
gkmoveSeriesB_Front_0_1_135,keeper,keeper,idle,dribble,135
gkmoveSeriesB_Front_1_1_135,keeper,keeper,dribble,dribble,135
gkmoveSeriesB_Front_1_1_90,keeper,keeper,dribble,dribble,
gkmoveSeriesB_Front_2_2_135,keeper,keeper,walk,walk,135
gkmoveSeriesB_Front_2_2_90,keeper,keeper,walk,walk,
gkmoveSeriesB_Front_3_1_135,keeper,keeper,sprint,dribble,135
gkmoveSeriesB_Front_3_3_135,keeper,keeper,sprint,sprint,135
gkmoveSeriesB_Front_3_3_90,keeper,keeper,sprint,sprint,
gkmoveSeriesB_Front_3_3_Reverse,keeper,keeper,sprint,sprint,
gkmoveSeriesB_Front_4_1_135,keeper,keeper,sprint,dribble,135
gkmoveSeriesB_Front_4_4_135,keeper,keeper,sprint,sprint,135
gkmoveSeriesB_Front_4_4_90,keeper,keeper,sprint,sprint,
gkmoveSeriesB_Side_2_2_90,keeper,keeper,walk,walk,
gkmoveSeriesB_Sidestep_0_1_90,keeper,keeper,idle,dribble,
gkmoveSeriesB_Sidestep_0_3_135,keeper,keeper,idle,sprint,135
gkmoveSeriesB_Sidestep_0_3_90,keeper,keeper,idle,sprint,
gkmoveSeriesB_Sidestep_0_4_135,keeper,keeper,idle,sprint,135
gkmoveSeriesB_Sidestep_0_4_90,keeper,keeper,idle,sprint,
gkmoveSeriesB_Sidestep_1_1_135,keeper,keeper,dribble,dribble,135
gkmoveSeriesB_Sidestep_1_1_90,keeper,keeper,dribble,dribble,
gkmoveSeriesB_Sidestep_3_1_135,keeper,keeper,sprint,dribble,135
gkmoveSeriesB_Sidestep_3_1_90,keeper,keeper,sprint,dribble,
gkmoveSeriesB_Sidestep_3_3_135,keeper,keeper,sprint,sprint,135
gkmoveSeriesB_Sidestep_3_3_90,keeper,keeper,sprint,sprint,
gkmoveSeriesB_Sidestep_4_4_135,keeper,keeper,sprint,sprint,135
gkmoveSeriesB_Sidestep_4_4_90,keeper,keeper,sprint,sprint,
gkmoveheisou_run_3_3,keeper,keeper,sprint,sprint,
gkmovehigh_back_3_0_ball,keeper,keeper,sprint,idle,
gkmovehigh_back_3_3_ball_onehand,keeper,keeper,sprint,sprint,
gkmovehigh_backslant_3_0_ball,keeper,keeper,sprint,idle,
gkmovehigh_backslant_3_3_ball_onehand,keeper,keeper,sprint,sprint,
gkmovehigh_idle_0_0,keeper,keeper,idle,idle,
gkmovehigh_idle_0_0_067_ball,keeper,keeper,idle,idle,067
gkmovehigh_idle_0_0_122_ball,keeper,keeper,idle,idle,122
gkmovehigh_idle_0_0_ball,keeper,keeper,idle,idle,
gkmovehigh_idle_0_0_ver02,keeper,keeper,idle,idle,
gkmovehigh_pk_0_0,keeper,keeper,idle,idle,
gkmovehigh_run_3_0_ball,keeper,keeper,sprint,idle,
gkmovehigh_run_3_3_ball_onehand,keeper,keeper,sprint,sprint,
gkmovehigh_run_4_0_ball,keeper,keeper,sprint,idle,
gkmovehigh_run_4_4_ball,keeper,keeper,sprint,sprint,
gkmovehigh_side_3_0_ball,keeper,keeper,sprint,idle,
gkmovehigh_side_3_3_ball_onehand,keeper,keeper,sprint,sprint,
gkmovehigh_side_4_0_ball,keeper,keeper,sprint,idle,
gkmovehigh_side_4_4_ball,keeper,keeper,sprint,sprint,
gkmovehigh_slant_3_0_ball,keeper,keeper,sprint,idle,
gkmovehigh_slant_3_3_ball_onehand,keeper,keeper,sprint,sprint,
gkmovehigh_slant_4_0_ball,keeper,keeper,sprint,idle,
gkmovehigh_slant_4_4_ball,keeper,keeper,sprint,sprint,
gkmovelie_side_0_0_000,keeper,keeper,idle,idle,000
gkmovelow_back_1_1,keeper,keeper,dribble,dribble,
gkmovelow_back_2_0,keeper,keeper,walk,idle,
gkmovelow_back_2_2,keeper,keeper,walk,walk,
gkmovelow_back_3_3,keeper,keeper,sprint,sprint,
gkmovelow_backslant_1_1,keeper,keeper,dribble,dribble,
gkmovelow_backslant_2_0,keeper,keeper,walk,idle,
gkmovelow_backslant_2_2,keeper,keeper,walk,walk,
gkmovelow_backslant_3_3,keeper,keeper,sprint,sprint,
gkmovelow_guard_0_0,keeper,keeper,idle,idle,
gkmovelow_pk_0_0,keeper,keeper,idle,idle,
gkmovelow_run_1_0,keeper,keeper,dribble,idle,
gkmovelow_run_1_1,keeper,keeper,dribble,dribble,
gkmovelow_run_2_0,keeper,keeper,walk,idle,
gkmovelow_run_2_2,keeper,keeper,walk,walk,
gkmovelow_run_3_3,keeper,keeper,sprint,sprint,
gkmovelow_side_1_1,keeper,keeper,dribble,dribble,
gkmovelow_side_2_2,keeper,keeper,walk,walk,
gkmovelow_side_3_3,keeper,keeper,sprint,sprint,
gkmovelow_slant_1_1,keeper,keeper,dribble,dribble,
gkmovelow_slant_2_0,keeper,keeper,walk,idle,
gkmovelow_slant_2_2,keeper,keeper,walk,walk,
gkmovelow_slant_3_3,keeper,keeper,sprint,sprint,
gkmovemid_Stop_2_0_LongSlide,keeper,keeper,walk,idle,
gkmovemid_guard_0_0,keeper,keeper,idle,idle,
gkmovemid_guard_0_0_022,keeper,keeper,idle,idle,022
gkmovemid_guard_0_0_090,keeper,keeper,idle,idle,090
gkmovemid_guardback_1_1,keeper,keeper,dribble,dribble,
gkmovemid_guardback_2_0,keeper,keeper,walk,idle,
gkmovemid_guardback_2_2,keeper,keeper,walk,walk,
gkmovemid_guardback_3_3,keeper,keeper,sprint,sprint,
gkmovemid_guardbackslant_1_1,keeper,keeper,dribble,dribble,
gkmovemid_guardbackslant_2_0,keeper,keeper,walk,idle,
gkmovemid_guardbackslant_2_2,keeper,keeper,walk,walk,
gkmovemid_guardbackslant_3_3,keeper,keeper,sprint,sprint,
gkmovemid_guardrun_1_1,keeper,keeper,dribble,dribble,
gkmovemid_guardrun_2_0,keeper,keeper,walk,idle,
gkmovemid_guardrun_2_2,keeper,keeper,walk,walk,
gkmovemid_guardrun_3_3,keeper,keeper,sprint,sprint,
gkmovemid_guardside_1_1,keeper,keeper,dribble,dribble,
gkmovemid_guardside_2_2,keeper,keeper,walk,walk,
gkmovemid_guardside_3_3,keeper,keeper,sprint,sprint,
gkmovemid_guardslant_1_1,keeper,keeper,dribble,dribble,
gkmovemid_guardslant_2_0,keeper,keeper,walk,idle,
gkmovemid_guardslant_2_2,keeper,keeper,walk,walk,
gkmovemid_guardslant_3_3,keeper,keeper,sprint,sprint,
gkmovemid_pk_0_0,keeper,keeper,idle,idle,
gkmovemid_pk_0_0_ver03,keeper,keeper,idle,idle,
gkmovemid_pk_0_0_ver04,keeper,keeper,idle,idle,
gkmovemid_pk_0_0_ver05,keeper,keeper,idle,idle,
gkmovemid_pk_0_0_ver07,keeper,keeper,idle,idle,
gkmovemid_pk_0_0_ver08,keeper,keeper,idle,idle,
gkmovemid_pk_0_0_ver10,keeper,keeper,idle,idle,
gkmovemid_pk_0_0_ver11,keeper,keeper,idle,idle,
gkmovemid_pk_0_0_ver12,keeper,keeper,idle,idle,
gkmovenear_HeisouBackSlant_0_3,keeper,keeper,idle,sprint,
gkmovenear_HeisouBackSlant_3_1,keeper,keeper,sprint,dribble,
gkmovenear_HeisouBackSlant_3_3,keeper,keeper,sprint,sprint,
gkmovenear_HeisouBackSlant_3_3_ReverseMove,keeper,keeper,sprint,sprint,
gkmovenear_HeisouBack_0_3,keeper,keeper,idle,sprint,
gkmovenear_HeisouBack_0_3_090,keeper,keeper,idle,sprint,090
gkmovenear_HeisouBack_3_1,keeper,keeper,sprint,dribble,
gkmovenear_HeisouBack_3_3,keeper,keeper,sprint,sprint,
gkmovenear_HeisouBack_3_3_ReverseMove,keeper,keeper,sprint,sprint,
gkmovenear_HeisouFrontTurn_4_4_090,keeper,keeper,sprint,sprint,090
gkmovenear_HeisouFront_0_3,keeper,keeper,idle,sprint,
gkmovenear_HeisouFront_0_4,keeper,keeper,idle,sprint,
gkmovenear_HeisouFront_3_0,keeper,keeper,sprint,idle,
gkmovenear_HeisouFront_3_1,keeper,keeper,sprint,dribble,
gkmovenear_HeisouFront_3_3,keeper,keeper,sprint,sprint,
gkmovenear_HeisouFront_3_3_ReverseMove,keeper,keeper,sprint,sprint,
gkmovenear_HeisouFront_4_0,keeper,keeper,sprint,idle,
gkmovenear_HeisouFront_4_1,keeper,keeper,sprint,dribble,
gkmovenear_HeisouFront_4_4,keeper,keeper,sprint,sprint,
gkmovenear_HeisouIdle_0_0,keeper,keeper,idle,idle,
gkmovenear_HeisouSide_0_3,keeper,keeper,idle,sprint,
gkmovenear_HeisouSide_0_4,keeper,keeper,idle,sprint,
gkmovenear_HeisouSide_0_4_090,keeper,keeper,idle,sprint,090
gkmovenear_HeisouSide_1_1,keeper,keeper,dribble,dribble,
gkmovenear_HeisouSide_3_0,keeper,keeper,sprint,idle,
gkmovenear_HeisouSide_3_1,keeper,keeper,sprint,dribble,
gkmovenear_HeisouSide_3_3,keeper,keeper,sprint,sprint,
gkmovenear_HeisouSide_3_3_ReverseMove,keeper,keeper,sprint,sprint,
gkmovenear_HeisouSide_4_0,keeper,keeper,sprint,idle,
gkmovenear_HeisouSide_4_1,keeper,keeper,sprint,dribble,
gkmovenear_HeisouSide_4_4,keeper,keeper,sprint,sprint,
gkmovenear_HeisouSide_4_4_ReverseMove,keeper,keeper,sprint,sprint,
gkmovenear_HeisouSlant_0_3,keeper,keeper,idle,sprint,
gkmovenear_HeisouSlant_0_4,keeper,keeper,idle,sprint,
gkmovenear_HeisouSlant_3_0,keeper,keeper,sprint,idle,
gkmovenear_HeisouSlant_3_1,keeper,keeper,sprint,dribble,
gkmovenear_HeisouSlant_3_3,keeper,keeper,sprint,sprint,
gkmovenear_HeisouSlant_3_3_ReverseMove,keeper,keeper,sprint,sprint,
gkmovenear_HeisouSlant_4_0,keeper,keeper,sprint,idle,
gkmovenear_HeisouSlant_4_1,keeper,keeper,sprint,dribble,
gkmovenear_HeisouSlant_4_4,keeper,keeper,sprint,sprint,
gkmovenear_HeisouSlant_4_4_ReverseMirror,keeper,keeper,sprint,sprint,
gkmovenear_backslantstep_0_3_1_short,keeper,keeper,idle,sprint,
gkmovenear_backslantstep_front_3_4_135,keeper,keeper,sprint,sprint,135
gkmovenear_backstep_0_3_1_short,keeper,keeper,idle,sprint,
gkmovenear_front_3_3_090,keeper,keeper,sprint,sprint,090
gkmovenear_front_backslantstep_4_1_135,keeper,keeper,sprint,dribble,135
gkmovenear_front_backslantstep_4_3_135,keeper,keeper,sprint,sprint,135
gkmovenear_front_sidestep_3_3_000,keeper,keeper,sprint,sprint,000
gkmovenear_front_sidestep_4_1_090,keeper,keeper,sprint,dribble,090
gkmovenear_front_sidestep_4_4_090,keeper,keeper,sprint,sprint,090
gkmovenear_frontstep_0_3_1_short,keeper,keeper,idle,sprint,
gkmovenear_frontstep_0_4_1,keeper,keeper,idle,sprint,
gkmovenear_frontstep_0_4_1_short,keeper,keeper,idle,sprint,
gkmovenear_guard_0_0_090,keeper,keeper,idle,idle,090
gkmovenear_idlemidturn_022,keeper,keeper,,,022
gkmovenear_idlemidturn_045,keeper,keeper,,,045
gkmovenear_idlemidturn_090,keeper,keeper,,,090
gkmovenear_idlemidturn_135,keeper,keeper,,,135
gkmovenear_sidestep_0_3_1_short,keeper,keeper,idle,sprint,
gkmovenear_sidestep_0_4_1_short,keeper,keeper,idle,sprint,
gkmovenear_sidestep_4_4_mirror_180,keeper,keeper,sprint,sprint,180
gkmovenear_sidestep_back_4_1_090,keeper,keeper,sprint,dribble,090
gkmovenear_sidestep_front_4_4_090,keeper,keeper,sprint,sprint,090
gkmovenear_slantstep_0_3_1_short,keeper,keeper,idle,sprint,
gkmovenear_standwait_footback_0_0,keeper,keeper,idle,idle,
gkmovenear_standwait_footback_0_0_025,keeper,keeper,idle,idle,025
gkmovenear_standwait_footback_0_0_f025,keeper,keeper,idle,idle,025
gkmovenear_standwait_footback_idle_0_0,keeper,keeper,idle,idle,
gkoverthrowBothhands_3_3,keeper,keeper,sprint,sprint,
gkoverthrowBothhands_3_3_045,keeper,keeper,sprint,sprint,045
gkoverthrowBothhands_3_3_cancel,keeper,keeper,sprint,sprint,
gkoverthrowBothhands_3_3_f045,keeper,keeper,sprint,sprint,045
gkoverthrowBothhands_3_3_pre,keeper,keeper,sprint,sprint,
gkoverthrowStep_3_0_cancel,keeper,keeper,sprint,idle,
gkoverthrowStep_3_0_hard,keeper,keeper,sprint,idle,
gkoverthrowStep_3_0_longhard,keeper,keeper,sprint,idle,
gkoverthrow_0_0,keeper,keeper,idle,idle,
gkoverthrow_0_0_045,keeper,keeper,idle,idle,045
gkoverthrow_0_0_cancel,keeper,keeper,idle,idle,
gkoverthrow_0_0_f045,keeper,keeper,idle,idle,045
gkoverthrow_0_0_hard,keeper,keeper,idle,idle,
gkoverthrow_0_0_hard_045,keeper,keeper,idle,idle,045
gkoverthrow_0_0_hard_cancel,keeper,keeper,idle,idle,
gkoverthrow_0_0_hard_f045,keeper,keeper,idle,idle,045
gkoverthrow_3_0_hard,keeper,keeper,sprint,idle,
gkoverthrow_3_0_hard_cancel,keeper,keeper,sprint,idle,
gkoverthrow_nearline_0_0,keeper,keeper,idle,idle,
gkoverthrow_nearline_0_0_cancel,keeper,keeper,idle,idle,
gkoverthrowhign_3_0,keeper,keeper,sprint,idle,
gkpickupball_0_0_090_fast,keeper,keeper,idle,idle,090
gkpickupball_0_0_fast,keeper,keeper,idle,idle,
gkpickupball_3_0_fast,keeper,keeper,sprint,idle,
gkpickupball_b01_0_0_fast,keeper,keeper,idle,idle,
gkpickupball_b02_0_0,keeper,keeper,idle,idle,
gkprejump_0_0_mid,keeper,keeper,idle,idle,
gkprejump_0_0_mid_move,keeper,keeper,idle,idle,
gkprejump_0_0_near,keeper,keeper,idle,idle,
gkprejump_0_0_near_min,keeper,keeper,idle,idle,
gkprejump_0_0_near_min2,keeper,keeper,idle,idle,
gkprejump_0_0_near_min3,keeper,keeper,idle,idle,
gkprejump_0_0_near_min_move,keeper,keeper,idle,idle,
gkprejump_0_0_near_min_move_push,keeper,keeper,idle,idle,
gkprejump_0_0_near_min_movefront,keeper,keeper,idle,idle,
gkprejump_0_0_near_min_slip,keeper,keeper,idle,idle,
gkprejump_0_0_near_move,keeper,keeper,idle,idle,
gkprejump_0_0_pk_front,keeper,keeper,idle,idle,
gkprejump_0_0_pk_frontFeint,keeper,keeper,idle,idle,
gkprejump_0_0_pk_front_min,keeper,keeper,idle,idle,
gkprejump_0_0_rotateStep_045,keeper,keeper,idle,idle,045
gkprejump_0_0_rotateStep_090,keeper,keeper,idle,idle,090
gkprejump_0_3_near_min_movefrontFast,keeper,keeper,idle,sprint,
gkprejump_2_3_y05_rotateStep_000_Otherside,keeper,keeper,walk,sprint,000
gkprejump_3_0_rotateStep_045,keeper,keeper,sprint,idle,045
gkprejump_3_0_rotateStep_090,keeper,keeper,sprint,idle,090
gkprejump_3_0_y05_rotateRun_090,keeper,keeper,sprint,idle,090
gkprejump_3_0_y05_rotateStep_000,keeper,keeper,sprint,idle,000
gkprejump_3_3_y05_rotateRun_000,keeper,keeper,sprint,sprint,000
gkprejump_3_3_y05_rotateRun_045,keeper,keeper,sprint,sprint,045
gkprejump_3_3_y05_rotateRun_090,keeper,keeper,sprint,sprint,090
gkprejump_3_3_y05_rotateRun_090_Otherside,keeper,keeper,sprint,sprint,090
gkprejump_3_3_y05_rotateRun_180,keeper,keeper,sprint,sprint,180
gkprejump_3_3_y05_rotateRun_M045_Otherside,keeper,keeper,sprint,sprint,
gkprejump_3_3_y05_rotateStep_000,keeper,keeper,sprint,sprint,000
gkprejump_3_3_y05_rotateStep_000_Otherside,keeper,keeper,sprint,sprint,000
gkprejump_3_3_y05_rotateStep_045,keeper,keeper,sprint,sprint,045
gkprejump_3_3_y05_rotateStep_045_Otherside,keeper,keeper,sprint,sprint,045
gkprejump_3_3_y05_rotateStep_090,keeper,keeper,sprint,sprint,090
gkprejump_3_3_y05_rotateStep_M045,keeper,keeper,sprint,sprint,
gkprejump_3_3_y05_rotateStep_M045_Otherside,keeper,keeper,sprint,sprint,
gkprejump_3_3_y05_rotateSteplong_090,keeper,keeper,sprint,sprint,090
gkprejump_4_0_rotateRunOtherSide,keeper,keeper,sprint,idle,
gkprejump_4_0_rotateRun_045,keeper,keeper,sprint,idle,045
gkprejump_4_0_rotateRun_090,keeper,keeper,sprint,idle,090
gkprejump_4_0_rotateRun_135,keeper,keeper,sprint,idle,135
gkprejump_4_0_rotateRun_180,keeper,keeper,sprint,idle,180
gkprejump_near_min_move3,keeper,keeper,,,
gkprejump_riseup_frontF0,keeper,keeper,,,
gkprejump_riseup_frontF3,keeper,keeper,,,
gkprejump_riseup_othersideS3,keeper,keeper,,,
gkprejump_riseup_sideS3,keeper,keeper,,,
gkprejump_s04_0_0_y05,keeper,keeper,idle,idle,
gkprejump_s05_0_0_y05,keeper,keeper,idle,idle,
gkpunch_f00_0_0_y08_palm,keeper,keeper,idle,idle,
gkpunch_f00_0_0_y10_palm,keeper,keeper,idle,idle,
gkpunch_f02_0_0_y08,keeper,keeper,idle,idle,
gkpunch_f02_0_0_y11,keeper,keeper,idle,idle,
gkpunch_f02_3_0_y10,keeper,keeper,sprint,idle,
gkpunch_f02_3_0_y10_collapse,keeper,keeper,sprint,idle,
gkpunch_f03_0_0_y08_palm,keeper,keeper,idle,idle,
gkpunch_f03_0_0_y10_palm,keeper,keeper,idle,idle,
gkpunch_f03_3_0_y02,keeper,keeper,sprint,idle,
gkpunch_f03_3_0_y04,keeper,keeper,sprint,idle,
gkpunch_f03_3_0_y06,keeper,keeper,sprint,idle,
gkpunch_f03_3_0_y08,keeper,keeper,sprint,idle,
gkpunch_f03_3_0_y11,keeper,keeper,sprint,idle,
gkpunch_f03_s03_3_0_y08,keeper,keeper,sprint,idle,
gkpunch_s02_0_0_y08_palm,keeper,keeper,idle,idle,
gkpunch_s02_0_0_y11_palm,keeper,keeper,idle,idle,
gkpunch_s04_3_0_y10_collapse,keeper,keeper,sprint,idle,
gkpunch_stagger_crash_f03_3_0_y10,keeper,keeper,sprint,idle,
gkpuntkick_front_0_0,keeper,keeper,idle,idle,
gkpuntkick_front_0_0_cancel,keeper,keeper,idle,idle,
gkpuntkick_front_0_0_hard,keeper,keeper,idle,idle,
gkpuntkick_front_nearline_0_0,keeper,keeper,idle,idle,
gkpuntkick_front_nearline_0_0_cancel,keeper,keeper,idle,idle,
gkpuntkick_highpunt_0_0,keeper,keeper,idle,idle,
gkpuntkick_side_0_0,keeper,keeper,idle,idle,
gkpuntkick_side_0_0_cancel,keeper,keeper,idle,idle,
gkpuntkick_side_0_0_fast,keeper,keeper,idle,idle,
gkpuntkick_side_0_0_fast2,keeper,keeper,idle,idle,
gkpuntkick_side_0_0_hard,keeper,keeper,idle,idle,
gkpuntkick_side_nearline_0_0,keeper,keeper,idle,idle,
gkpuntkick_side_nearline_0_0_cancel,keeper,keeper,idle,idle,
gkrise_facedown_catch_0_3_000,keeper,keeper,idle,sprint,000
gkrise_facedown_catch_0_3_045,keeper,keeper,idle,sprint,045
gkrise_facedown_catch_0_3_090,keeper,keeper,idle,sprint,090
gkrise_facedown_catch_0_3_135,keeper,keeper,idle,sprint,135
gkrise_faceup_0_0_000,keeper,keeper,idle,idle,000
gkrise_faceup_0_0_090,keeper,keeper,idle,idle,090
gkrise_faceup_0_0_f090,keeper,keeper,idle,idle,090
gkrise_faceup_0_3_000,keeper,keeper,idle,sprint,000
gkrise_faceup_0_3_090,keeper,keeper,idle,sprint,090
gkrise_faceup_0_3_f090,keeper,keeper,idle,sprint,090
gkrise_faceup_rotateback_0_0_000,keeper,keeper,idle,idle,000
gkrise_faceup_step_0_3,keeper,keeper,idle,sprint,
gkrise_faceup_step_0_4,keeper,keeper,idle,sprint,
gkrise_faceupslow_0_0_000,keeper,keeper,idle,idle,000
gkrise_faceupslow_0_0_000_a,keeper,keeper,idle,idle,000
gkrise_faceupslow_0_0_090,keeper,keeper,idle,idle,090
gkrise_faceupslow_0_0_f090,keeper,keeper,idle,idle,090
gkrise_rotateback_l_3_0_000,keeper,keeper,sprint,idle,000
gkrise_sideways_catch_0_0_000,keeper,keeper,idle,idle,000
gkrise_sideways_catch_0_0_000_guard,keeper,keeper,idle,idle,000
gkrise_sideways_catch_0_0_045_hand,keeper,keeper,idle,idle,045
gkrise_sideways_catch_0_0_090,keeper,keeper,idle,idle,090
gkrise_sideways_catch_0_0_f090,keeper,keeper,idle,idle,090
gkrise_sideways_catch_0_3_000,keeper,keeper,idle,sprint,000
gkrise_sideways_catch_0_3_090,keeper,keeper,idle,sprint,090
gkrise_sideways_catch_0_3_f090,keeper,keeper,idle,sprint,090
gkrise_sideways_l_0_0_000,keeper,keeper,idle,idle,000
gkrise_sideways_l_0_0_000_hand,keeper,keeper,idle,idle,000
gkrise_sideways_l_0_0_090,keeper,keeper,idle,idle,090
gkrise_sideways_l_0_0_f090,keeper,keeper,idle,idle,090
gkrise_sideways_l_0_3_000,keeper,keeper,idle,sprint,000
gkrise_sideways_l_0_3_090,keeper,keeper,idle,sprint,090
gkrise_sideways_l_0_3_f090,keeper,keeper,idle,sprint,090
gkrise_sideways_rotateback_l_0_0_000,keeper,keeper,idle,idle,000
gkrise_sidewaysnearStep_l_0_3_000,keeper,keeper,idle,sprint,000
gkrise_sidewaysnearStep_l_0_4_000,keeper,keeper,idle,sprint,000
gkrise_sidewaysnearStep_r_0_3_000,keeper,keeper,idle,sprint,000
gkrise_sidewaysnear_l_0_0_000,keeper,keeper,idle,idle,000
gkrise_sidewaysnear_l_0_0_090,keeper,keeper,idle,idle,090
gkrise_sidewaysnear_l_0_0_f090,keeper,keeper,idle,idle,090
gkrise_sidewaysnear_l_0_3_000,keeper,keeper,idle,sprint,000
gkrise_sidewaysnear_l_0_3_090,keeper,keeper,idle,sprint,090
gkrise_sidewaysnear_l_0_3_f090,keeper,keeper,idle,sprint,090
gkrise_sidewaysslow_l_0_0_000,keeper,keeper,idle,idle,000
gkrise_sidewaysslow_l_0_0_090,keeper,keeper,idle,idle,090
gkrise_sidewaysslow_l_0_0_180,keeper,keeper,idle,idle,180
gkrise_sidewaysslow_l_0_0_270,keeper,keeper,idle,idle,270
gkrise_sidewaysslowknee_l_0_0_000,keeper,keeper,idle,idle,000
gkrise_sidewaysslowknee_l_0_0_090,keeper,keeper,idle,idle,090
gkrise_sidewaysslowknee_l_0_0_180,keeper,keeper,idle,idle,180
gkrise_sidewaysslowknee_l_0_0_270,keeper,keeper,idle,idle,270
gksavingCancel_AfterSideRun_s03,keeper,keeper,,,
gksavingCancel_afterback_f00,keeper,keeper,,,
gksavingCancel_f00_short,keeper,keeper,,,
gksavingCancel_f03,keeper,keeper,,,
gksavingCancel_f03_short,keeper,keeper,,,
gksavingCancel_s01_resign,keeper,keeper,,,
gksavingCancel_s01_short,keeper,keeper,,,
gksavingCancel_s03,keeper,keeper,,,
gksavingCancel_s03_resign,keeper,keeper,,,
gksavingCancel_s03_riseup,keeper,keeper,,,
gksavingCancel_s03_short,keeper,keeper,,,
gksavingCancel_s04,keeper,keeper,,,
gkscoopout_faceup_s03_3_0_y00_000,keeper,keeper,sprint,idle,000
gkscoopout_lie_f00_0_0_y00_090_otherside,keeper,keeper,idle,idle,090
gkscoopout_lie_f00_0_0_y02_090_otherside,keeper,keeper,idle,idle,090
gkscoopout_lie_f00_0_0_y05_090_otherside,keeper,keeper,idle,idle,090
gkscoopout_lie_s02_0_0_y00_090_otherside,keeper,keeper,idle,idle,090
gkscoopout_lie_s02_0_0_y02_090_otherside,keeper,keeper,idle,idle,090
gkscoopout_lie_s02_0_0_y05_090_otherside,keeper,keeper,idle,idle,090
gkscoopout_lie_s03_0_0_y00_090_otherside,keeper,keeper,idle,idle,090
gkscoopout_lie_s03_0_0_y02_090_otherside,keeper,keeper,idle,idle,090
gkscoopout_lie_s03_0_0_y05_090_otherside,keeper,keeper,idle,idle,090
gkscoopout_lie_s04_3_0_y00_090,keeper,keeper,sprint,idle,090
gkscoopout_lie_s04_3_0_y02_090,keeper,keeper,sprint,idle,090
gkscoopout_lie_s04_3_0_y05_090,keeper,keeper,sprint,idle,090
gkseeoff_high_react_0_0_y11,keeper,keeper,idle,idle,
gkseeoff_high_react_3_0_y11,keeper,keeper,sprint,idle,
gkseeoff_side_light_0_0_y04,keeper,keeper,idle,idle,
gkseeoff_side_react_0_0_y00,keeper,keeper,idle,idle,
gkseeoff_side_react_0_0_y04,keeper,keeper,idle,idle,
gkseeoff_side_react_0_0_y11,keeper,keeper,idle,idle,
gkseeoff_side_react_3_0_y00,keeper,keeper,sprint,idle,
gkseeoff_side_reactjump_0_0_y00,keeper,keeper,idle,idle,
gksidethrow_0_0,keeper,keeper,idle,idle,
gksidethrow_0_0_045,keeper,keeper,idle,idle,045
gksidethrow_0_0_cancel,keeper,keeper,idle,idle,
gksidethrow_0_0_f045,keeper,keeper,idle,idle,045
gksidethrow_3_0,keeper,keeper,sprint,idle,
gksidethrow_3_0_cancel,keeper,keeper,sprint,idle,
gksidethrowcut_0_0,keeper,keeper,idle,idle,
gkstagger_catch_0_0_y10_000,keeper,keeper,idle,idle,000
gkstagger_catch_0_0_y10_090,keeper,keeper,idle,idle,090
gkstagger_catch_0_0_y10_f090,keeper,keeper,idle,idle,090
gkstagger_punch_0_0_y10_000,keeper,keeper,idle,idle,000
gkstagger_punch_0_0_y10_090,keeper,keeper,idle,idle,090
gkstagger_punch_0_0_y10_f090,keeper,keeper,idle,idle,090
gkunderthrow_0_0,keeper,keeper,idle,idle,
gkunderthrow_0_0_045,keeper,keeper,idle,idle,045
gkunderthrow_0_0_045_fast,keeper,keeper,idle,idle,045
gkunderthrow_0_0_cancel,keeper,keeper,idle,idle,
gkunderthrow_0_0_f045,keeper,keeper,idle,idle,045
gkunderthrow_0_0_f045_fast,keeper,keeper,idle,idle,045
gkunderthrow_0_0_fast,keeper,keeper,idle,idle,
gkunderthrow_0_0_fast_cancel,keeper,keeper,idle,idle,
gkunderthrow_3_0_fast,keeper,keeper,sprint,idle,
gkunderthrow_3_0_fast_cancel,keeper,keeper,sprint,idle,
gkunderthrow_3_0_light,keeper,keeper,sprint,idle,
gkunderthrow_nearline_0_0,keeper,keeper,idle,idle,
gkunderthrow_nearline_0_0_cancel,keeper,keeper,idle,idle,
goalnet_release_0_3_090_rapid,other,unknown,idle,sprint,090
goalnet_release_0_3_090_slow,other,unknown,idle,sprint,090
goalnet_release_0_3_160_rapid,other,unknown,idle,sprint,160
goalnet_release_0_3_160_slow,other,unknown,idle,sprint,160
goalnet_stop_rapid,other,unknown,,,
goalnet_stop_slow,other,unknown,,,
goalnet_turn_160_rapid,other,unknown,,,160
goalpost_stop_2_0_000,other,unknown,walk,idle,000
goalpost_stop_2_0_000_side,other,unknown,walk,idle,000
goalpost_stop_2_0_090,other,unknown,walk,idle,090
goalpost_stop_2_0_160,other,unknown,walk,idle,160
goalpost_stop_3_0_000,other,unknown,sprint,idle,000
goalpost_stop_3_0_000_side,other,unknown,sprint,idle,000
goalpost_stop_3_0_090,other,unknown,sprint,idle,090
goalpost_stop_3_0_160,other,unknown,sprint,idle,160
head_y01_3_0_000_far_dive,header,ballcontrol,sprint,idle,000
head_y02_sidle_3_0_000_far_dive,header,ballcontrol,sprint,idle,000
head_y03_3_0_000_crouch,header,ballcontrol,sprint,idle,000
head_y03_3_0_090_crouch,header,ballcontrol,sprint,idle,090
head_y03_sidle_3_0_000_far_dive,header,ballcontrol,sprint,idle,000
head_y04_0_0_090_falldown,header,ballcontrol,idle,idle,090
head_y04_3_0_000_crouch,header,ballcontrol,sprint,idle,000
head_y04_3_0_090_crouch,header,ballcontrol,sprint,idle,090
head_y04_chest_0_0_000_side_shed,header,ballcontrol,idle,idle,000
head_y04_sidle_3_2_f090_shed,header,ballcontrol,sprint,walk,090
head_y04_sidle_3_3_000_ground,header,ballcontrol,sprint,sprint,000
head_y05_0_0_000,header,ballcontrol,idle,idle,000
head_y05_0_0_090,header,ballcontrol,idle,idle,090
head_y05_3_0_000,header,ballcontrol,sprint,idle,000
head_y05_3_0_000_far_dive,header,ballcontrol,sprint,idle,000
head_y05_3_0_090,header,ballcontrol,sprint,idle,090
head_y05_3_0_090_far_dive,header,ballcontrol,sprint,idle,090
head_y05_3_0_090_side_falldown,header,ballcontrol,sprint,idle,090
head_y05_chest_0_0_000,header,ballcontrol,idle,idle,000
head_y05_chest_0_0_090,header,ballcontrol,idle,idle,090
head_y05_sidle_3_0_000_far,header,ballcontrol,sprint,idle,000
head_y05_sidle_3_0_f090_far_dive,header,ballcontrol,sprint,idle,090
head_y05_sidle_chest_3_2_f090,header,ballcontrol,sprint,walk,090
head_y06_0_0_000,header,ballcontrol,idle,idle,000
head_y06_0_0_000_strong_falldown,header,ballcontrol,idle,idle,000
head_y06_0_0_090_nojump,header,ballcontrol,idle,idle,090
head_y06_0_0_090_shed,header,ballcontrol,idle,idle,090
head_y06_0_0_090_side,header,ballcontrol,idle,idle,090
head_y06_3_0_000,header,ballcontrol,sprint,idle,000
head_y06_3_0_000_far,header,ballcontrol,sprint,idle,000
head_y06_3_0_000_far_dive,header,ballcontrol,sprint,idle,000
head_y06_3_0_090,header,ballcontrol,sprint,idle,090
head_y06_3_0_090_far,header,ballcontrol,sprint,idle,090
head_y06_3_0_090_far_dive,header,ballcontrol,sprint,idle,090
head_y06_3_0_090_far_dive_v2,header,ballcontrol,sprint,idle,090
head_y06_3_0_090_shed,header,ballcontrol,sprint,idle,090
head_y06_3_2_090_v2,header,ballcontrol,sprint,walk,090
head_y06_chest_0_0_000,header,ballcontrol,idle,idle,000
head_y06_chest_0_0_000_shed,header,ballcontrol,idle,idle,000
head_y06_chest_0_0_045_shed,header,ballcontrol,idle,idle,045
head_y06_chest_0_0_090,header,ballcontrol,idle,idle,090
head_y06_sidle_2_1_f090_shed,header,ballcontrol,walk,dribble,090
head_y06_sidle_3_0_000_rear,header,ballcontrol,sprint,idle,000
head_y06_sidle_3_0_000_shoot,header,ballcontrol,sprint,idle,000
head_y06_sidle_3_0_f180_shed,header,ballcontrol,sprint,idle,180
head_y06_sidle_3_2_045,header,ballcontrol,sprint,walk,045
head_y06_sidle_3_2_045_v2,header,ballcontrol,sprint,walk,045
head_y06_sidle_3_2_f090_nojump,header,ballcontrol,sprint,walk,090
head_y06_sidle_3_2_f090_nojump_v2,header,ballcontrol,sprint,walk,090
head_y06_sidle_chest_3_0_f090_shed,header,ballcontrol,sprint,idle,090
head_y06_sidle_chest_3_0_f180_shed,header,ballcontrol,sprint,idle,180
head_y06_sidle_chest_3_2_f090,header,ballcontrol,sprint,walk,090
head_y07_0_0_000_rear,header,ballcontrol,idle,idle,000
head_y07_0_0_000_shed,header,ballcontrol,idle,idle,000
head_y07_0_0_000_side,header,ballcontrol,idle,idle,000
head_y07_0_0_000_side_dive,header,ballcontrol,idle,idle,000
head_y07_0_0_090_clear_strong,header,ballcontrol,idle,idle,090
head_y07_0_0_090_clear_strong_v2,header,ballcontrol,idle,idle,090
head_y07_0_0_090_nojump,header,ballcontrol,idle,idle,090
head_y07_0_0_090_rear,header,ballcontrol,idle,idle,090
head_y07_0_0_090_shed,header,ballcontrol,idle,idle,090
head_y07_0_0_090_side,header,ballcontrol,idle,idle,090
head_y07_0_0_090_side_dive,header,ballcontrol,idle,idle,090
head_y07_0_0_180,header,ballcontrol,idle,idle,180
head_y07_0_0_180_rear,header,ballcontrol,idle,idle,180
head_y07_0_0_180_side,header,ballcontrol,idle,idle,180
head_y07_0_0_180_side_dive,header,ballcontrol,idle,idle,180
head_y07_0_0_f090_side,header,ballcontrol,idle,idle,090
head_y07_0_0_f090_side_dive,header,ballcontrol,idle,idle,090
head_y07_3_0_000,header,ballcontrol,sprint,idle,000
head_y07_3_0_000_far,header,ballcontrol,sprint,idle,000
head_y07_3_0_000_far_dive,header,ballcontrol,sprint,idle,000
head_y07_3_0_000_shed,header,ballcontrol,sprint,idle,000
head_y07_3_0_000_side,header,ballcontrol,sprint,idle,000
head_y07_3_0_000_strong_falldown,header,ballcontrol,sprint,idle,000
head_y07_3_0_090_far,header,ballcontrol,sprint,idle,090
head_y07_3_0_090_far_dive,header,ballcontrol,sprint,idle,090
head_y07_3_0_090_shed,header,ballcontrol,sprint,idle,090
head_y07_3_0_090_side,header,ballcontrol,sprint,idle,090
head_y07_3_0_180,header,ballcontrol,sprint,idle,180
head_y07_3_0_180_side,header,ballcontrol,sprint,idle,180
head_y07_3_0_f090_side,header,ballcontrol,sprint,idle,090
head_y07_chest_0_0_000_shed,header,ballcontrol,idle,idle,000
head_y07_chest_0_0_000_shed_rear,header,ballcontrol,idle,idle,000
head_y07_jostle_0_0_090_side_dive,header,ballcontrol,idle,idle,090
head_y07_shoot_0_0_000,header,ballcontrol,idle,idle,000
head_y07_shoot_0_0_090,header,ballcontrol,idle,idle,090
head_y07_shoot_3_0_000,header,ballcontrol,sprint,idle,000
head_y07_shoot_3_0_090,header,ballcontrol,sprint,idle,090
head_y07_shoulder_0_0_000,header,ballcontrol,idle,idle,000
head_y07_shoulder_3_0_000,header,ballcontrol,sprint,idle,000
head_y07_sidle_2_1_f090,header,ballcontrol,walk,dribble,090
head_y07_sidle_3_0_000,header,ballcontrol,sprint,idle,000
head_y07_sidle_3_0_000_far,header,ballcontrol,sprint,idle,000
head_y07_sidle_3_0_f090,header,ballcontrol,sprint,idle,090
head_y07_sidle_3_0_f090_far,header,ballcontrol,sprint,idle,090
head_y07_sidle_3_0_f090_shed,header,ballcontrol,sprint,idle,090
head_y07_sidle_3_0_f180,header,ballcontrol,sprint,idle,180
head_y07_sidle_3_0_f180_shed,header,ballcontrol,sprint,idle,180
head_y07_sidle_3_0_f270,header,ballcontrol,sprint,idle,270
head_y07_sidle_3_2_045,header,ballcontrol,sprint,walk,045
head_y07_sidle_3_2_045_v2,header,ballcontrol,sprint,walk,045
head_y07_sidle_chest_2_0_f090_shed,header,ballcontrol,walk,idle,090
head_y07_sidle_chest_3_0_f090_shed,header,ballcontrol,sprint,idle,090
head_y07_sidle_chest_3_0_f090_shed_v2,header,ballcontrol,sprint,idle,090
head_y07_sidle_chest_3_0_f180,header,ballcontrol,sprint,idle,180
head_y07_sidle_chest_3_0_f180_shed_rear,header,ballcontrol,sprint,idle,180
head_y08_sidle_chest_3_0_f090_shed,header,ballcontrol,sprint,idle,090
head_y08_sidle_chest_3_0_f180_shed,header,ballcontrol,sprint,idle,180
head_y09_0_0_000,header,ballcontrol,idle,idle,000
head_y09_0_0_000_rear,header,ballcontrol,idle,idle,000
head_y09_0_0_000_shed,header,ballcontrol,idle,idle,000
head_y09_0_0_000_side,header,ballcontrol,idle,idle,000
head_y09_0_0_000_side_shed,header,ballcontrol,idle,idle,000
head_y09_0_0_000_v2,header,ballcontrol,idle,idle,000
head_y09_0_0_090,header,ballcontrol,idle,idle,090
head_y09_0_0_090_rear,header,ballcontrol,idle,idle,090
head_y09_0_0_090_rear_shed,header,ballcontrol,idle,idle,090
head_y09_0_0_090_rear_shed_down,header,ballcontrol,idle,idle,090
head_y09_0_0_090_side,header,ballcontrol,idle,idle,090
head_y09_0_0_090_side_v2,header,ballcontrol,idle,idle,090
head_y09_0_0_090_v2,header,ballcontrol,idle,idle,090
head_y09_0_0_180,header,ballcontrol,idle,idle,180
head_y09_0_0_180_rear,header,ballcontrol,idle,idle,180
head_y09_0_0_180_rear_stagger,header,ballcontrol,idle,idle,180
head_y09_0_0_180_side,header,ballcontrol,idle,idle,180
head_y09_0_0_f090_side,header,ballcontrol,idle,idle,090
head_y09_3_0_000,header,ballcontrol,sprint,idle,000
head_y09_3_0_000_far,header,ballcontrol,sprint,idle,000
head_y09_3_0_000_shed,header,ballcontrol,sprint,idle,000
head_y09_3_0_090,header,ballcontrol,sprint,idle,090
head_y09_3_0_090_far,header,ballcontrol,sprint,idle,090
head_y09_3_0_090_shed,header,ballcontrol,sprint,idle,090
head_y09_3_0_180,header,ballcontrol,sprint,idle,180
head_y09_jostle_0_0_000,header,ballcontrol,idle,idle,000
head_y09_jostle_0_0_090,header,ballcontrol,idle,idle,090
head_y09_jostle_0_0_f090,header,ballcontrol,idle,idle,090
head_y09_shoot_0_0_000,header,ballcontrol,idle,idle,000
head_y09_shoot_3_0_000,header,ballcontrol,sprint,idle,000
head_y09_shoot_3_0_090,header,ballcontrol,sprint,idle,090
head_y09_shoulder_0_0_000,header,ballcontrol,idle,idle,000
head_y09_shoulder_3_0_000,header,ballcontrol,sprint,idle,000
head_y09_sidle_2_0_f180_clear,header,ballcontrol,walk,idle,180
head_y09_sidle_3_0_000,header,ballcontrol,sprint,idle,000
head_y09_sidle_3_0_000_far,header,ballcontrol,sprint,idle,000
head_y09_sidle_3_0_000_far_rear_dive,header,ballcontrol,sprint,idle,000
head_y09_sidle_3_0_090_clear,header,ballcontrol,sprint,idle,090
head_y09_sidle_3_0_090_clear_rear_stagger,header,ballcontrol,sprint,idle,090
head_y09_sidle_3_0_f090,header,ballcontrol,sprint,idle,090
head_y09_sidle_3_0_f090_clear_down,header,ballcontrol,sprint,idle,090
head_y09_sidle_3_0_f090_shed,header,ballcontrol,sprint,idle,090
head_y09_sidle_3_0_f180,header,ballcontrol,sprint,idle,180
head_y09_sidle_3_0_f180_clear_down,header,ballcontrol,sprint,idle,180
head_y09_sidle_3_0_f180_clear_down_v2,header,ballcontrol,sprint,idle,180
head_y09_sidle_3_0_f180_clear_stagger,header,ballcontrol,sprint,idle,180
head_y09_sidle_3_0_f180_stagger,header,ballcontrol,sprint,idle,180
head_y09_sidle_3_0_f270,header,ballcontrol,sprint,idle,270
head_y09_sidle_3_1_000,header,ballcontrol,sprint,dribble,000
head_y09_sidle_3_1_000_clear,header,ballcontrol,sprint,dribble,000
head_y09_sidle_3_2_045,header,ballcontrol,sprint,walk,045
head_y09_sidle_3_2_045_stagger,header,ballcontrol,sprint,walk,045
heisou_1_1,other,unknown,dribble,dribble,
idle,locomotion,movement,,,
idle_045,locomotion,movement,,,045
idle_045_quick,locomotion,movement,,,045
idle_045_relax,locomotion,movement,,,045
idle_067_side,locomotion,movement,,,067
idle_090,locomotion,movement,,,090
idle_090_quick,locomotion,movement,,,090
idle_090_relax,locomotion,movement,,,090
idle_0_1_000_pain_sign,locomotion,movement,idle,dribble,000
idle_0_1_walk_000_relax,locomotion,movement,idle,dribble,000
idle_0_1_walk_045,locomotion,movement,idle,dribble,045
idle_0_1_walk_045_relax,locomotion,movement,idle,dribble,045
idle_0_1_walk_090,locomotion,movement,idle,dribble,090
idle_0_1_walk_090_relax,locomotion,movement,idle,dribble,090
idle_0_1_walk_135,locomotion,movement,idle,dribble,135
idle_0_1_walk_135_relax,locomotion,movement,idle,dribble,135
idle_0_1_walk_180,locomotion,movement,idle,dribble,180
idle_0_1_walk_180_relax,locomotion,movement,idle,dribble,180
idle_0_2_back_045_step,locomotion,movement,idle,walk,045
idle_0_2_back_180_hurry,locomotion,movement,idle,walk,180
idle_0_2_back_f045,locomotion,movement,idle,walk,045
idle_0_2_back_f045_relax,locomotion,movement,idle,walk,045
idle_0_2_back_f090,locomotion,movement,idle,walk,090
idle_0_2_back_f135,locomotion,movement,idle,walk,135
idle_0_2_back_f135_relax,locomotion,movement,idle,walk,135
idle_0_2_neardelayback_f045,locomotion,movement,idle,walk,045
idle_0_2_neardelayback_f135,locomotion,movement,idle,walk,135
idle_0_2_neardelayside_000,locomotion,movement,idle,walk,000
idle_0_2_neardelayside_045,locomotion,movement,idle,walk,045
idle_0_2_neardelayside_135,locomotion,movement,idle,walk,135
idle_0_2_parallel,locomotion,movement,idle,walk,
idle_0_2_parallel_045,locomotion,movement,idle,walk,045
idle_0_2_parallel_090,locomotion,movement,idle,walk,090
idle_0_2_parallel_135,locomotion,movement,idle,walk,135
idle_0_2_parallel_180,locomotion,movement,idle,walk,180
idle_0_2_run_000,locomotion,movement,idle,walk,000
idle_0_2_run_045,locomotion,movement,idle,walk,045
idle_0_2_run_090,locomotion,movement,idle,walk,090
idle_0_2_run_090_relax,locomotion,movement,idle,walk,090
idle_0_2_run_135,locomotion,movement,idle,walk,135
idle_0_2_run_180,locomotion,movement,idle,walk,180
idle_0_2_run_180_near,locomotion,movement,idle,walk,180
idle_0_2_run_180_relax,locomotion,movement,idle,walk,180
idle_0_2_side_000,locomotion,movement,idle,walk,000
idle_0_2_side_000_relax,locomotion,movement,idle,walk,000
idle_0_2_side_045,locomotion,movement,idle,walk,045
idle_0_2_side_045_relax,locomotion,movement,idle,walk,045
idle_0_2_side_090_hurry,locomotion,movement,idle,walk,090
idle_0_2_side_135,locomotion,movement,idle,walk,135
idle_0_2_side_135_relax,locomotion,movement,idle,walk,135
idle_0_2_side_180,locomotion,movement,idle,walk,180
idle_0_2_side_180_hurry,locomotion,movement,idle,walk,180
idle_0_3_parallel,locomotion,movement,idle,sprint,
idle_0_3_parallel_045,locomotion,movement,idle,sprint,045
idle_0_3_parallel_090,locomotion,movement,idle,sprint,090
idle_0_3_parallel_135,locomotion,movement,idle,sprint,135
idle_0_3_parallel_180,locomotion,movement,idle,sprint,180
idle_0_3_run_000,locomotion,movement,idle,sprint,000
idle_0_3_run_000_bendforward,locomotion,movement,idle,sprint,000
idle_0_3_run_000_feint_135,locomotion,movement,idle,sprint,000
idle_0_3_run_000_hurry,locomotion,movement,idle,sprint,000
idle_0_3_run_000_v3,locomotion,movement,idle,sprint,000
idle_0_3_run_045,locomotion,movement,idle,sprint,045
idle_0_3_run_045_bendforward,locomotion,movement,idle,sprint,045
idle_0_3_run_090,locomotion,movement,idle,sprint,090
idle_0_3_run_090_bendforward,locomotion,movement,idle,sprint,090
idle_0_3_run_090_jostle,locomotion,movement,idle,sprint,090
idle_0_3_run_090_jostle_v2,locomotion,movement,idle,sprint,090
idle_0_3_run_090_push_aside,locomotion,movement,idle,sprint,090
idle_0_3_run_090_v2,locomotion,movement,idle,sprint,090
idle_0_3_run_135,locomotion,movement,idle,sprint,135
idle_0_3_run_135_feint_000,locomotion,movement,idle,sprint,135
idle_0_3_run_135_hurry,locomotion,movement,idle,sprint,135
idle_0_3_run_135_hurry_v2,locomotion,movement,idle,sprint,135
idle_0_3_run_135_jostle,locomotion,movement,idle,sprint,135
idle_0_3_run_135_push_aside,locomotion,movement,idle,sprint,135
idle_0_3_run_135_task,locomotion,movement,idle,sprint,135
idle_0_3_run_180,locomotion,movement,idle,sprint,180
idle_0_3_run_180_hurry,locomotion,movement,idle,sprint,180
idle_0_3_run_180_hurry_v2,locomotion,movement,idle,sprint,180
idle_0_3_run_180_jostle,locomotion,movement,idle,sprint,180
idle_0_3_run_180_jostle_v2,locomotion,movement,idle,sprint,180
idle_0_3_run_180_task_inverse_rot,locomotion,movement,idle,sprint,180
idle_0_3_run_f045_feint_045,locomotion,movement,idle,sprint,045
idle_0_3_run_f090_feint_090,locomotion,movement,idle,sprint,090
idle_0_3_run_tired,locomotion,movement,idle,sprint,
idle_0_3_side_090_hurry,locomotion,movement,idle,sprint,090
idle_122_side,locomotion,movement,,,122
idle_135,locomotion,movement,,,135
idle_135_quick,locomotion,movement,,,135
idle_135_relax,locomotion,movement,,,135
idle_180,locomotion,movement,,,180
idle_180_quick,locomotion,movement,,,180
idle_180_relax,locomotion,movement,,,180
idle_timingstep,locomotion,movement,,,
idle_tired_v4,locomotion,movement,,,
idle_tired_v5,locomotion,movement,,,
idle_tired_v6,locomotion,movement,,,
idle_tired_v7,locomotion,movement,,,
idle_waitball,locomotion,movement,,,
jockey,other,unknown,,,
js_back_1_1_loop_guard_back_main,feint,movement_special,dribble,dribble,
js_back_1_1_loop_guard_back_sub,feint,movement_special,dribble,dribble,
js_backslant_2_2_loop_sub,feint,movement_special,walk,walk,
js_idle_0_0_000_y00_tacklefoot_legscissors_down,feint,movement_special,idle,idle,000
js_idle_0_0_000_y00_tacklefoot_passcut,feint,movement_special,idle,idle,000
js_idle_0_0_000_y00_tacklefoot_passcut_side,feint,movement_special,idle,idle,000
js_idle_0_0_000_y00_tacklefoot_passcut_v2,feint,movement_special,idle,idle,000
js_idle_0_0_000_y00_tacklefoot_passcut_v3,feint,movement_special,idle,idle,000
js_idle_0_0_000_y02_tacklefoot_passcut,feint,movement_special,idle,idle,000
js_idle_0_0_000_y04_tacklefoot_passcut,feint,movement_special,idle,idle,000
js_idle_0_0_000_y05_tacklefoot_passcut,feint,movement_special,idle,idle,000
js_idle_0_0_000_y06_tacklefoot_passcut,feint,movement_special,idle,idle,000
js_idle_0_0_000_y07_head_passcut,feint,movement_special,idle,idle,000
js_idle_0_0_000_y07_tacklefoot_passcut,feint,movement_special,idle,idle,000
js_idle_0_0_000_y09_tacklefoot_passcut,feint,movement_special,idle,idle,000
js_idle_0_0_030_guard_back_main,feint,movement_special,idle,idle,030
js_idle_0_0_090_guard_back_main,feint,movement_special,idle,idle,090
js_idle_0_0_090_guard_back_stagger_main,feint,movement_special,idle,idle,090
js_idle_0_0_135_guard_back_stagger_hard_main,feint,movement_special,idle,idle,135
js_idle_0_0_135_guard_back_stagger_main,feint,movement_special,idle,idle,135
js_idle_0_0_180_guard_back_stagger_hard_main,feint,movement_special,idle,idle,180
js_idle_0_0_180_guard_back_stagger_main,feint,movement_special,idle,idle,180
js_idle_0_0_loop_guard_back_main,feint,movement_special,idle,idle,
js_idle_0_0_loop_guard_back_sub_stagger_180,feint,movement_special,idle,idle,180
js_idle_0_3_loop_guard_back_main_turn_180,feint,movement_special,idle,sprint,180
js_idle_reaction_135_sub_block_090,feint,movement_special,,,135
js_idle_set_sub,feint,movement_special,,,
js_idle_tackle_guard_win_main,feint,movement_special,,,
js_move_run_2_2_loop_guard_back_v2,feint,movement_special,walk,walk,
js_run_1_1_loop_guard_back_main,feint,movement_special,dribble,dribble,
js_run_2_0_000_tacklefoot_legscissors_down,feint,movement_special,walk,idle,000
js_run_2_0_090_guard_back,feint,movement_special,walk,idle,090
js_run_2_2_000_hardpress_sub,feint,movement_special,walk,walk,000
js_run_2_2_000_hardpress_sub_aslant,feint,movement_special,walk,walk,000
js_run_2_2_loop_guard_back_main,feint,movement_special,walk,walk,
js_run_2_2_loop_guard_back_sub,feint,movement_special,walk,walk,
js_run_2_3_000_push_away,feint,movement_special,walk,sprint,000
js_run_3_0_090_guard_back,feint,movement_special,sprint,idle,090
js_run_3_2_030_guard_back,feint,movement_special,sprint,walk,030
js_run_3_2_090_guard_back,feint,movement_special,sprint,walk,090
js_run_3_2_090_tacklesholder,feint,movement_special,sprint,walk,090
js_run_3_3_000_hardpress_sub,feint,movement_special,sprint,sprint,000
js_run_3_3_000_hardpress_sub_aslant,feint,movement_special,sprint,sprint,000
js_run_3_3_000_hardpress_sub_aslant_v2,feint,movement_special,sprint,sprint,000
js_run_3_3_000_hardpress_sub_aslant_v3,feint,movement_special,sprint,sprint,000
js_run_3_3_000_hardpress_sub_sideposition,feint,movement_special,sprint,sprint,000
js_run_3_3_000_hardpress_sub_sideposition_kick,feint,movement_special,sprint,sprint,000
js_run_3_3_000_hardpress_sub_sideposition_v2,feint,movement_special,sprint,sprint,000
js_run_3_3_000_hardpress_sub_switchstep,feint,movement_special,sprint,sprint,000
js_run_3_3_000_hardpress_sub_v2,feint,movement_special,sprint,sprint,000
js_run_3_3_000_push_away,feint,movement_special,sprint,sprint,000
js_run_3_3_000_push_away_hard,feint,movement_special,sprint,sprint,000
js_run_3_3_000_push_away_hard_v2,feint,movement_special,sprint,sprint,000
js_run_3_3_000_push_away_v2,feint,movement_special,sprint,sprint,000
js_run_3_3_loop_guard_back_main,feint,movement_special,sprint,sprint,
js_run_3_3_loop_guard_back_sub,feint,movement_special,sprint,sprint,
js_run_3_3_loop_guard_side,feint,movement_special,sprint,sprint,
js_run_4_4_loop_guard_side,feint,movement_special,sprint,sprint,
js_run_4_4_loop_guard_side_v2,feint,movement_special,sprint,sprint,
js_side_2_2_000_hardpress_sub,feint,movement_special,walk,walk,000
js_side_2_2_000_hardpress_sub_v2,feint,movement_special,walk,walk,000
js_side_2_2_loop_guard_back_main,feint,movement_special,walk,walk,
js_side_2_2_loop_sub,feint,movement_special,walk,walk,
js_side_3_3_000_hardpress_sub,feint,movement_special,sprint,sprint,000
js_side_3_3_000_hardpress_sub_v2,feint,movement_special,sprint,sprint,000
js_side_3_3_000_hardpress_sub_v3,feint,movement_special,sprint,sprint,000
js_slant_2_2_loop_guard_back_main,feint,movement_special,walk,walk,
js_slant_2_2_loop_guard_back_sub,feint,movement_special,walk,walk,
js_slant_3_3_loop_guard_back_main,feint,movement_special,sprint,sprint,
js_slant_3_3_loop_guard_back_sub,feint,movement_special,sprint,sprint,
kick_long_0_0_adjust_y0_000,kick,ballcontrol,idle,idle,000
kick_long_0_0_adjust_y0_090,kick,ballcontrol,idle,idle,090
kick_long_0_0_infront_y0_000,kick,ballcontrol,idle,idle,000
kick_long_0_0_infront_y0_045,kick,ballcontrol,idle,idle,045
kick_long_0_0_infront_y0_090,kick,ballcontrol,idle,idle,090
kick_long_0_0_infront_y0_090_late,kick,ballcontrol,idle,idle,090
kick_long_0_0_infront_y0_135_late,kick,ballcontrol,idle,idle,135
kick_long_0_0_infront_y0_f045,kick,ballcontrol,idle,idle,045
kick_long_0_0_inside_y0_000,kick,ballcontrol,idle,idle,000
kick_long_0_0_inside_y0_045,kick,ballcontrol,idle,idle,045
kick_long_0_0_inside_y0_045_fake_f022_late,kick,ballcontrol,idle,idle,045
kick_long_0_0_inside_y0_090,kick,ballcontrol,idle,idle,090
kick_long_0_0_inside_y0_f045,kick,ballcontrol,idle,idle,045
kick_long_0_0_instep_y0_000,kick,ballcontrol,idle,idle,000
kick_long_0_0_instep_y0_000_topspin,kick,ballcontrol,idle,idle,000
kick_long_0_0_instep_y0_045,kick,ballcontrol,idle,idle,045
kick_long_0_0_instep_y0_045_topspin,kick,ballcontrol,idle,idle,045
kick_long_0_0_instep_y0_090,kick,ballcontrol,idle,idle,090
kick_long_0_0_instep_y0_135,kick,ballcontrol,idle,idle,135
kick_long_0_0_instep_y0_f045,kick,ballcontrol,idle,idle,045
kick_long_0_0_instep_y2_000,kick,ballcontrol,idle,idle,000
kick_long_0_0_instep_y2_000_topspin,kick,ballcontrol,idle,idle,000
kick_long_0_0_instep_y2_045,kick,ballcontrol,idle,idle,045
kick_long_0_0_instep_y2_045_late_cancel,kick,ballcontrol,idle,idle,045
kick_long_0_0_instep_y2_045_topspin,kick,ballcontrol,idle,idle,045
kick_long_0_0_instep_y2_090,kick,ballcontrol,idle,idle,090
kick_long_0_0_instep_y2_090_topspin,kick,ballcontrol,idle,idle,090
kick_long_0_0_instep_y2_135,kick,ballcontrol,idle,idle,135
kick_long_0_0_instep_y2_135_late_cancel,kick,ballcontrol,idle,idle,135
kick_long_0_0_instep_y2_f045,kick,ballcontrol,idle,idle,045
kick_long_0_0_instep_y4_000,kick,ballcontrol,idle,idle,000
kick_long_0_0_instep_y4_045,kick,ballcontrol,idle,idle,045
kick_long_0_0_instep_y4_090,kick,ballcontrol,idle,idle,090
kick_long_0_0_instep_y4_135,kick,ballcontrol,idle,idle,135
kick_long_0_0_instep_y4_f045,kick,ballcontrol,idle,idle,045
kick_long_0_0_instep_y6_000,kick,ballcontrol,idle,idle,000
kick_long_0_0_instep_y6_090,kick,ballcontrol,idle,idle,090
kick_long_0_0_instep_y6_135,kick,ballcontrol,idle,idle,135
kick_long_0_0_instep_y8_090,kick,ballcontrol,idle,idle,090
kick_long_0_0_instep_y8_135,kick,ballcontrol,idle,idle,135
kick_long_0_0_outside_y0_000_curve,kick,ballcontrol,idle,idle,000
kick_long_0_0_outside_y0_f045_curve,kick,ballcontrol,idle,idle,045
kick_long_0_0_y0_stagger_l_000,kick,ballcontrol,idle,idle,000
kick_long_0_0_y0_stagger_l_000_down,kick,ballcontrol,idle,idle,000
kick_long_0_0_y0_stagger_l_f045,kick,ballcontrol,idle,idle,045
kick_long_0_0_y0_stagger_l_f045_down,kick,ballcontrol,idle,idle,045
kick_long_0_0_y0_stagger_l_f090,kick,ballcontrol,idle,idle,090
kick_long_0_0_y0_stagger_l_f090_down,kick,ballcontrol,idle,idle,090
kick_long_0_0_y0_stagger_l_f135,kick,ballcontrol,idle,idle,135
kick_long_0_0_y0_stagger_l_f135_down,kick,ballcontrol,idle,idle,135
kick_long_2_2_adjust_y0_000,kick,ballcontrol,walk,walk,000
kick_long_3_0_infront_y0_000,kick,ballcontrol,sprint,idle,000
kick_long_3_0_infront_y0_000_curve,kick,ballcontrol,sprint,idle,000
kick_long_3_0_infront_y0_045,kick,ballcontrol,sprint,idle,045
kick_long_3_0_infront_y0_090,kick,ballcontrol,sprint,idle,090
kick_long_3_0_infront_y0_090_late,kick,ballcontrol,sprint,idle,090
kick_long_3_0_infront_y0_090_late_2,kick,ballcontrol,sprint,idle,090
kick_long_3_0_infront_y0_135,kick,ballcontrol,sprint,idle,135
kick_long_3_0_infront_y0_135_late,kick,ballcontrol,sprint,idle,135
kick_long_3_0_infront_y0_f045,kick,ballcontrol,sprint,idle,045
kick_long_3_0_inside_y0_000,kick,ballcontrol,sprint,idle,000
kick_long_3_0_inside_y0_000_curve,kick,ballcontrol,sprint,idle,000
kick_long_3_0_inside_y0_000_punch,kick,ballcontrol,sprint,idle,000
kick_long_3_0_inside_y0_045,kick,ballcontrol,sprint,idle,045
kick_long_3_0_inside_y0_045_bale_nospin,kick,ballcontrol,sprint,idle,045
kick_long_3_0_inside_y0_045_curve,kick,ballcontrol,sprint,idle,045
kick_long_3_0_inside_y0_045_curve_beckham,kick,ballcontrol,sprint,idle,045
kick_long_3_0_inside_y0_045_curve_beckham_2002,kick,ballcontrol,sprint,idle,045
kick_long_3_0_inside_y0_045_curve_calhanoglu,kick,ballcontrol,sprint,idle,045
kick_long_3_0_inside_y0_045_curve_coutinho,kick,ballcontrol,sprint,idle,045
kick_long_3_0_inside_y0_045_curve_debruyne,kick,ballcontrol,sprint,idle,045
kick_long_3_0_inside_y0_045_curve_far,kick,ballcontrol,sprint,idle,045
kick_long_3_0_inside_y0_045_curve_gerrard,kick,ballcontrol,sprint,idle,045
kick_long_3_0_inside_y0_045_curve_grounder,kick,ballcontrol,sprint,idle,045
kick_long_3_0_inside_y0_045_curve_henry,kick,ballcontrol,sprint,idle,045
kick_long_3_0_inside_y0_045_curve_jadson,kick,ballcontrol,sprint,idle,045
kick_long_3_0_inside_y0_045_curve_max,kick,ballcontrol,sprint,idle,045
kick_long_3_0_inside_y0_045_curve_messi,kick,ballcontrol,sprint,idle,045
kick_long_3_0_inside_y0_045_curve_nedved,kick,ballcontrol,sprint,idle,045
kick_long_3_0_inside_y0_045_curve_ozil,kick,ballcontrol,sprint,idle,045
kick_long_3_0_inside_y0_045_curve_pirlo,kick,ballcontrol,sprint,idle,045
kick_long_3_0_inside_y0_045_curve_placekick,kick,ballcontrol,sprint,idle,045
kick_long_3_0_inside_y0_045_curve_reus,kick,ballcontrol,sprint,idle,045
kick_long_3_0_inside_y0_045_curve_ronaldinho,kick,ballcontrol,sprint,idle,045
kick_long_3_0_inside_y0_045_curve_ronaldinho_2,kick,ballcontrol,sprint,idle,045
kick_long_3_0_inside_y0_045_curve_silva,kick,ballcontrol,sprint,idle,045
kick_long_3_0_inside_y0_045_curve_sneijder,kick,ballcontrol,sprint,idle,045
kick_long_3_0_inside_y0_045_curve_syunsuke,kick,ballcontrol,sprint,idle,045
kick_long_3_0_inside_y0_045_fake_f022_late,kick,ballcontrol,sprint,idle,045
kick_long_3_0_inside_y0_045_punch,kick,ballcontrol,sprint,idle,045
kick_long_3_0_inside_y0_090,kick,ballcontrol,sprint,idle,090
kick_long_3_0_inside_y0_f045_curve_down,kick,ballcontrol,sprint,idle,045
kick_long_3_0_instep_y0_000,kick,ballcontrol,sprint,idle,000
kick_long_3_0_instep_y0_000_cristiano,kick,ballcontrol,sprint,idle,000
kick_long_3_0_instep_y0_000_cristiano_nospin,kick,ballcontrol,sprint,idle,000
kick_long_3_0_instep_y0_000_curve,kick,ballcontrol,sprint,idle,000
kick_long_3_0_instep_y0_000_down,kick,ballcontrol,sprint,idle,000
kick_long_3_0_instep_y0_000_gerrard,kick,ballcontrol,sprint,idle,000
kick_long_3_0_instep_y0_000_honda_nospin,kick,ballcontrol,sprint,idle,000
kick_long_3_0_instep_y0_000_late,kick,ballcontrol,sprint,idle,000
kick_long_3_0_instep_y0_000_pirlo,kick,ballcontrol,sprint,idle,000
kick_long_3_0_instep_y0_000_push,kick,ballcontrol,sprint,idle,000
kick_long_3_0_instep_y0_000_silva,kick,ballcontrol,sprint,idle,000
kick_long_3_0_instep_y0_000_topspin,kick,ballcontrol,sprint,idle,000
kick_long_3_0_instep_y0_045,kick,ballcontrol,sprint,idle,045
kick_long_3_0_instep_y0_045_cristiano,kick,ballcontrol,sprint,idle,045
kick_long_3_0_instep_y0_045_down,kick,ballcontrol,sprint,idle,045
kick_long_3_0_instep_y0_045_far,kick,ballcontrol,sprint,idle,045
kick_long_3_0_instep_y0_045_gerrard,kick,ballcontrol,sprint,idle,045
kick_long_3_0_instep_y0_045_late_2,kick,ballcontrol,sprint,idle,045
kick_long_3_0_instep_y0_045_pirlo,kick,ballcontrol,sprint,idle,045
kick_long_3_0_instep_y0_045_push,kick,ballcontrol,sprint,idle,045
kick_long_3_0_instep_y0_045_robben,kick,ballcontrol,sprint,idle,045
kick_long_3_0_instep_y0_045_silva,kick,ballcontrol,sprint,idle,045
kick_long_3_0_instep_y0_045_sneijder,kick,ballcontrol,sprint,idle,045
kick_long_3_0_instep_y0_045_topspin,kick,ballcontrol,sprint,idle,045
kick_long_3_0_instep_y0_090,kick,ballcontrol,sprint,idle,090
kick_long_3_0_instep_y0_090_down,kick,ballcontrol,sprint,idle,090
kick_long_3_0_instep_y0_135_down,kick,ballcontrol,sprint,idle,135
kick_long_3_0_instep_y0_f045,kick,ballcontrol,sprint,idle,045
kick_long_3_0_instep_y1_000,kick,ballcontrol,sprint,idle,000
kick_long_3_0_instep_y1_045,kick,ballcontrol,sprint,idle,045
kick_long_3_0_instep_y1_090,kick,ballcontrol,sprint,idle,090
kick_long_3_0_instep_y2_000,kick,ballcontrol,sprint,idle,000
kick_long_3_0_instep_y2_000_curve,kick,ballcontrol,sprint,idle,000
kick_long_3_0_instep_y2_000_late_2,kick,ballcontrol,sprint,idle,000
kick_long_3_0_instep_y2_045,kick,ballcontrol,sprint,idle,045
kick_long_3_0_instep_y2_045_late_2,kick,ballcontrol,sprint,idle,045
kick_long_3_0_instep_y2_045_late_cancel,kick,ballcontrol,sprint,idle,045
kick_long_3_0_instep_y2_090,kick,ballcontrol,sprint,idle,090
kick_long_3_0_instep_y2_090_far,kick,ballcontrol,sprint,idle,090
kick_long_3_0_instep_y2_135,kick,ballcontrol,sprint,idle,135
kick_long_3_0_instep_y2_135_far,kick,ballcontrol,sprint,idle,135
kick_long_3_0_instep_y2_135_late_cancel,kick,ballcontrol,sprint,idle,135
kick_long_3_0_instep_y4_000,kick,ballcontrol,sprint,idle,000
kick_long_3_0_instep_y4_000_late_2step,kick,ballcontrol,sprint,idle,000
kick_long_3_0_instep_y4_045,kick,ballcontrol,sprint,idle,045
kick_long_3_0_instep_y4_090,kick,ballcontrol,sprint,idle,090
kick_long_3_0_instep_y4_090_far,kick,ballcontrol,sprint,idle,090
kick_long_3_0_instep_y4_135,kick,ballcontrol,sprint,idle,135
kick_long_3_0_instep_y4_135_far,kick,ballcontrol,sprint,idle,135
kick_long_3_0_instep_y4_f045,kick,ballcontrol,sprint,idle,045
kick_long_3_0_instep_y4_f045_late_2step,kick,ballcontrol,sprint,idle,045
kick_long_3_0_instep_y6_000,kick,ballcontrol,sprint,idle,000
kick_long_3_0_instep_y6_090,kick,ballcontrol,sprint,idle,090
kick_long_3_0_instep_y6_180,kick,ballcontrol,sprint,idle,180
kick_long_3_0_outside_y0_000_curve,kick,ballcontrol,sprint,idle,000
kick_long_3_0_outside_y0_000_curve_grounder,kick,ballcontrol,sprint,idle,000
kick_long_3_0_outside_y0_f045_curve,kick,ballcontrol,sprint,idle,045
kick_long_3_0_outside_y0_f045_curve_grounder,kick,ballcontrol,sprint,idle,045
kick_long_3_0_y0_stagger_l_000,kick,ballcontrol,sprint,idle,000
kick_long_3_0_y0_stagger_l_000_down,kick,ballcontrol,sprint,idle,000
kick_long_3_0_y0_stagger_l_f045,kick,ballcontrol,sprint,idle,045
kick_long_3_0_y0_stagger_l_f045_down,kick,ballcontrol,sprint,idle,045
kick_long_3_0_y0_stagger_l_f090,kick,ballcontrol,sprint,idle,090
kick_long_3_0_y0_stagger_l_f090_down,kick,ballcontrol,sprint,idle,090
kick_long_3_3_adjust_y0_000,kick,ballcontrol,sprint,sprint,000
kick_long_3_3_adjust_y0_000_sidle,kick,ballcontrol,sprint,sprint,000
kick_long_3_3_adjust_y0_090,kick,ballcontrol,sprint,sprint,090
kick_long_4_0_inside_y0_000_punch,kick,ballcontrol,sprint,idle,000
kick_long_4_0_inside_y0_045_punch,kick,ballcontrol,sprint,idle,045
kick_long_4_0_instep_y0_045_far,kick,ballcontrol,sprint,idle,045
kick_mid_0_0_adjust_y0_000,kick,ballcontrol,idle,idle,000
kick_mid_0_0_adjust_y0_000_back,kick,ballcontrol,idle,idle,000
kick_mid_0_0_adjust_y0_000_stepback,kick,ballcontrol,idle,idle,000
kick_mid_0_0_adjust_y0_090,kick,ballcontrol,idle,idle,090
kick_mid_0_0_adjust_y0_135,kick,ballcontrol,idle,idle,135
kick_mid_0_0_infront_y0_000,kick,ballcontrol,idle,idle,000
kick_mid_0_0_infront_y0_000_punch,kick,ballcontrol,idle,idle,000
kick_mid_0_0_infront_y0_045,kick,ballcontrol,idle,idle,045
kick_mid_0_0_infront_y0_045_punch,kick,ballcontrol,idle,idle,045
kick_mid_0_0_infront_y0_090,kick,ballcontrol,idle,idle,090
kick_mid_0_0_infront_y0_090_far_down,kick,ballcontrol,idle,idle,090
kick_mid_0_0_infront_y0_135,kick,ballcontrol,idle,idle,135
kick_mid_0_0_infront_y0_135_late,kick,ballcontrol,idle,idle,135
kick_mid_0_0_infront_y0_135_late_backstep,kick,ballcontrol,idle,idle,135
kick_mid_0_0_infront_y0_135_late_sidestep,kick,ballcontrol,idle,idle,135
kick_mid_0_0_infront_y0_f045,kick,ballcontrol,idle,idle,045
kick_mid_0_0_inside_y0_000,kick,ballcontrol,idle,idle,000
kick_mid_0_0_inside_y0_000_jostle,kick,ballcontrol,idle,idle,000
kick_mid_0_0_inside_y0_000_keep,kick,ballcontrol,idle,idle,000
kick_mid_0_0_inside_y0_000_late,kick,ballcontrol,idle,idle,000
kick_mid_0_0_inside_y0_000_punch,kick,ballcontrol,idle,idle,000
kick_mid_0_0_inside_y0_000_rear,kick,ballcontrol,idle,idle,000
kick_mid_0_0_inside_y0_000_rear_far_down,kick,ballcontrol,idle,idle,000
kick_mid_0_0_inside_y0_000_side,kick,ballcontrol,idle,idle,000
kick_mid_0_0_inside_y0_045,kick,ballcontrol,idle,idle,045
kick_mid_0_0_inside_y0_045_far,kick,ballcontrol,idle,idle,045
kick_mid_0_0_inside_y0_045_jostle,kick,ballcontrol,idle,idle,045
kick_mid_0_0_inside_y0_045_keep,kick,ballcontrol,idle,idle,045
kick_mid_0_0_inside_y0_045_late,kick,ballcontrol,idle,idle,045
kick_mid_0_0_inside_y0_045_punch,kick,ballcontrol,idle,idle,045
kick_mid_0_0_inside_y0_045_rear,kick,ballcontrol,idle,idle,045
kick_mid_0_0_inside_y0_045_side,kick,ballcontrol,idle,idle,045
kick_mid_0_0_inside_y0_090,kick,ballcontrol,idle,idle,090
kick_mid_0_0_inside_y0_090_fake_000_late,kick,ballcontrol,idle,idle,090
kick_mid_0_0_inside_y0_090_far,kick,ballcontrol,idle,idle,090
kick_mid_0_0_inside_y0_090_jostle,kick,ballcontrol,idle,idle,090
kick_mid_0_0_inside_y0_090_keep,kick,ballcontrol,idle,idle,090
kick_mid_0_0_inside_y0_090_late,kick,ballcontrol,idle,idle,090
kick_mid_0_0_inside_y0_f045,kick,ballcontrol,idle,idle,045
kick_mid_0_0_inside_y0_f045_punch,kick,ballcontrol,idle,idle,045
kick_mid_0_0_inside_y0_f045_rear,kick,ballcontrol,idle,idle,045
kick_mid_0_0_inside_y0_f045_side,kick,ballcontrol,idle,idle,045
kick_mid_0_0_inside_y0_f090,kick,ballcontrol,idle,idle,090
kick_mid_0_0_inside_y0_f090_late_sidestep,kick,ballcontrol,idle,idle,090
kick_mid_0_0_inside_y2_000,kick,ballcontrol,idle,idle,000
kick_mid_0_0_inside_y2_045,kick,ballcontrol,idle,idle,045
kick_mid_0_0_inside_y2_090,kick,ballcontrol,idle,idle,090
kick_mid_0_0_inside_y2_f045,kick,ballcontrol,idle,idle,045
kick_mid_0_0_inside_y4_000,kick,ballcontrol,idle,idle,000
kick_mid_0_0_inside_y4_045,kick,ballcontrol,idle,idle,045
kick_mid_0_0_inside_y4_090,kick,ballcontrol,idle,idle,090
kick_mid_0_0_inside_y4_f045,kick,ballcontrol,idle,idle,045
kick_mid_0_0_instep_y0_090_side,kick,ballcontrol,idle,idle,090
kick_mid_0_0_instep_y2_045_side,kick,ballcontrol,idle,idle,045
kick_mid_0_0_instep_y2_090_late,kick,ballcontrol,idle,idle,090
kick_mid_0_0_instep_y2_135,kick,ballcontrol,idle,idle,135
kick_mid_0_0_instep_y2_135_late,kick,ballcontrol,idle,idle,135
kick_mid_0_0_instep_y4_090_late,kick,ballcontrol,idle,idle,090
kick_mid_0_0_instep_y4_135,kick,ballcontrol,idle,idle,135
kick_mid_0_0_instep_y4_135_late,kick,ballcontrol,idle,idle,135
kick_mid_0_0_outside_y0_000,kick,ballcontrol,idle,idle,000
kick_mid_0_0_outside_y0_000_lob,kick,ballcontrol,idle,idle,000
kick_mid_0_0_outside_y0_f045,kick,ballcontrol,idle,idle,045
kick_mid_0_0_outside_y0_f045_lob,kick,ballcontrol,idle,idle,045
kick_mid_0_0_outside_y0_f045_punch,kick,ballcontrol,idle,idle,045
kick_mid_0_0_outside_y0_f045_side,kick,ballcontrol,idle,idle,045
kick_mid_0_0_outside_y0_f135_rear_far,kick,ballcontrol,idle,idle,135
kick_mid_0_0_outside_y2_000,kick,ballcontrol,idle,idle,000
kick_mid_0_0_outside_y2_f045,kick,ballcontrol,idle,idle,045
kick_mid_0_0_outside_y4_000,kick,ballcontrol,idle,idle,000
kick_mid_0_0_outside_y4_f045,kick,ballcontrol,idle,idle,045
kick_mid_0_0_toe_y0_000,kick,ballcontrol,idle,idle,000
kick_mid_0_0_toe_y0_045,kick,ballcontrol,idle,idle,045
kick_mid_3_0_heel_y0_180,kick,ballcontrol,sprint,idle,180
kick_mid_3_0_infront_y0_000,kick,ballcontrol,sprint,idle,000
kick_mid_3_0_infront_y0_000_punch,kick,ballcontrol,sprint,idle,000
kick_mid_3_0_infront_y0_045,kick,ballcontrol,sprint,idle,045
kick_mid_3_0_infront_y0_045_lob,kick,ballcontrol,sprint,idle,045
kick_mid_3_0_infront_y0_045_punch,kick,ballcontrol,sprint,idle,045
kick_mid_3_0_infront_y0_090,kick,ballcontrol,sprint,idle,090
kick_mid_3_0_infront_y0_135,kick,ballcontrol,sprint,idle,135
kick_mid_3_0_infront_y0_f045,kick,ballcontrol,sprint,idle,045
kick_mid_3_0_inside_y0_000,kick,ballcontrol,sprint,idle,000
kick_mid_3_0_inside_y0_000_curve,kick,ballcontrol,sprint,idle,000
kick_mid_3_0_inside_y0_000_keep,kick,ballcontrol,sprint,idle,000
kick_mid_3_0_inside_y0_000_punch,kick,ballcontrol,sprint,idle,000
kick_mid_3_0_inside_y0_000_rear,kick,ballcontrol,sprint,idle,000
kick_mid_3_0_inside_y0_000_rear_down,kick,ballcontrol,sprint,idle,000
kick_mid_3_0_inside_y0_000_side,kick,ballcontrol,sprint,idle,000
kick_mid_3_0_inside_y0_000_sidle,kick,ballcontrol,sprint,idle,000
kick_mid_3_0_inside_y0_045,kick,ballcontrol,sprint,idle,045
kick_mid_3_0_inside_y0_045_curve,kick,ballcontrol,sprint,idle,045
kick_mid_3_0_inside_y0_045_far,kick,ballcontrol,sprint,idle,045
kick_mid_3_0_inside_y0_045_far_down,kick,ballcontrol,sprint,idle,045
kick_mid_3_0_inside_y0_045_keep,kick,ballcontrol,sprint,idle,045
kick_mid_3_0_inside_y0_045_punch,kick,ballcontrol,sprint,idle,045
kick_mid_3_0_inside_y0_045_rear,kick,ballcontrol,sprint,idle,045
kick_mid_3_0_inside_y0_045_side,kick,ballcontrol,sprint,idle,045
kick_mid_3_0_inside_y0_045_sidle,kick,ballcontrol,sprint,idle,045
kick_mid_3_0_inside_y0_090,kick,ballcontrol,sprint,idle,090
kick_mid_3_0_inside_y0_090_fake_000_late,kick,ballcontrol,sprint,idle,090
kick_mid_3_0_inside_y0_090_far,kick,ballcontrol,sprint,idle,090
kick_mid_3_0_inside_y0_090_keep,kick,ballcontrol,sprint,idle,090
kick_mid_3_0_inside_y0_090_sidle,kick,ballcontrol,sprint,idle,090
kick_mid_3_0_inside_y0_135,kick,ballcontrol,sprint,idle,135
kick_mid_3_0_inside_y0_135_late,kick,ballcontrol,sprint,idle,135
kick_mid_3_0_inside_y0_f045,kick,ballcontrol,sprint,idle,045
kick_mid_3_0_inside_y0_f045_punch,kick,ballcontrol,sprint,idle,045
kick_mid_3_0_inside_y0_f045_rear,kick,ballcontrol,sprint,idle,045
kick_mid_3_0_inside_y0_f045_side,kick,ballcontrol,sprint,idle,045
kick_mid_3_0_inside_y1_000,kick,ballcontrol,sprint,idle,000
kick_mid_3_0_inside_y1_045,kick,ballcontrol,sprint,idle,045
kick_mid_3_0_inside_y1_090,kick,ballcontrol,sprint,idle,090
kick_mid_3_0_inside_y2_000,kick,ballcontrol,sprint,idle,000
kick_mid_3_0_inside_y2_000_rear_down,kick,ballcontrol,sprint,idle,000
kick_mid_3_0_inside_y2_045,kick,ballcontrol,sprint,idle,045
kick_mid_3_0_inside_y2_045_sidle,kick,ballcontrol,sprint,idle,045
kick_mid_3_0_inside_y2_090,kick,ballcontrol,sprint,idle,090
kick_mid_3_0_inside_y2_135,kick,ballcontrol,sprint,idle,135
kick_mid_3_0_inside_y2_f045,kick,ballcontrol,sprint,idle,045
kick_mid_3_0_inside_y4_000,kick,ballcontrol,sprint,idle,000
kick_mid_3_0_inside_y4_045,kick,ballcontrol,sprint,idle,045
kick_mid_3_0_inside_y4_090,kick,ballcontrol,sprint,idle,090
kick_mid_3_0_inside_y4_135,kick,ballcontrol,sprint,idle,135
kick_mid_3_0_inside_y4_f045,kick,ballcontrol,sprint,idle,045
kick_mid_3_0_instep_y0_000,kick,ballcontrol,sprint,idle,000
kick_mid_3_0_instep_y0_045,kick,ballcontrol,sprint,idle,045
kick_mid_3_0_instep_y0_090_far_sliding,kick,ballcontrol,sprint,idle,090
kick_mid_3_0_instep_y0_135_far_sliding,kick,ballcontrol,sprint,idle,135
kick_mid_3_0_outside_y0_000,kick,ballcontrol,sprint,idle,000
kick_mid_3_0_outside_y0_000_curve,kick,ballcontrol,sprint,idle,000
kick_mid_3_0_outside_y0_000_far,kick,ballcontrol,sprint,idle,000
kick_mid_3_0_outside_y0_000_lob,kick,ballcontrol,sprint,idle,000
kick_mid_3_0_outside_y0_000_punch,kick,ballcontrol,sprint,idle,000
kick_mid_3_0_outside_y0_000_sidle,kick,ballcontrol,sprint,idle,000
kick_mid_3_0_outside_y0_f022_lob,kick,ballcontrol,sprint,idle,022
kick_mid_3_0_outside_y0_f045_curve,kick,ballcontrol,sprint,idle,045
kick_mid_3_0_outside_y0_f045_punch,kick,ballcontrol,sprint,idle,045
kick_mid_3_0_outside_y0_f045_side,kick,ballcontrol,sprint,idle,045
kick_mid_3_0_outside_y0_f090_far_down,kick,ballcontrol,sprint,idle,090
kick_mid_3_0_outside_y0_f090_rabona,kick,ballcontrol,sprint,idle,090
kick_mid_3_0_outside_y2_000,kick,ballcontrol,sprint,idle,000
kick_mid_3_0_outside_y2_f045,kick,ballcontrol,sprint,idle,045
kick_mid_3_0_outside_y4_000,kick,ballcontrol,sprint,idle,000
kick_mid_3_0_outside_y4_f045,kick,ballcontrol,sprint,idle,045
kick_mid_3_0_toe_y0_000_far_sliding,kick,ballcontrol,sprint,idle,000
kick_mid_3_0_toe_y4_000_far_down,kick,ballcontrol,sprint,idle,000
kick_mid_3_0_toe_y6_000_far_down,kick,ballcontrol,sprint,idle,000
kick_mid_3_3_adjust_y0_000,kick,ballcontrol,sprint,sprint,000
kick_mid_3_3_adjust_y0_000_sidle,kick,ballcontrol,sprint,sprint,000
kick_mid_3_3_adjust_y0_090,kick,ballcontrol,sprint,sprint,090
kick_mid_3_3_adjust_y0_135,kick,ballcontrol,sprint,sprint,135
kick_mid_3_3_adjust_y0_f022,kick,ballcontrol,sprint,sprint,022
kick_mid_4_0_inside_y0_000,kick,ballcontrol,sprint,idle,000
kick_mid_4_0_inside_y0_045,kick,ballcontrol,sprint,idle,045
kick_mid_4_0_inside_y0_090,kick,ballcontrol,sprint,idle,090
kick_mid_4_0_inside_y0_135,kick,ballcontrol,sprint,idle,135
kick_mid_4_0_inside_y0_f045,kick,ballcontrol,sprint,idle,045
kick_mid_4_0_outside_y0_f045,kick,ballcontrol,sprint,idle,045
kick_mid_4_4_adjust_y0_000,kick,ballcontrol,sprint,sprint,000
kick_mid_4_4_adjust_y0_000_sidle,kick,ballcontrol,sprint,sprint,000
kick_mid_4_4_adjust_y0_f022,kick,ballcontrol,sprint,sprint,022
kick_short_0_0_heel_y0_090,kick,ballcontrol,idle,idle,090
kick_short_0_0_heel_y0_090_rear_flick,kick,ballcontrol,idle,idle,090
kick_short_0_0_heel_y0_135,kick,ballcontrol,idle,idle,135
kick_short_0_0_heel_y0_180,kick,ballcontrol,idle,idle,180
kick_short_0_0_heel_y0_180_rear_flick,kick,ballcontrol,idle,idle,180
kick_short_0_0_heel_y0_f090_rear_flick,kick,ballcontrol,idle,idle,090
kick_short_0_0_heel_y0_f135_rear_flick,kick,ballcontrol,idle,idle,135
kick_short_0_0_heel_y2_135,kick,ballcontrol,idle,idle,135
kick_short_0_0_heel_y2_f090,kick,ballcontrol,idle,idle,090
kick_short_0_0_heel_y4_090,kick,ballcontrol,idle,idle,090
kick_short_0_0_heel_y4_f045,kick,ballcontrol,idle,idle,045
kick_short_0_0_infront_y0_000,kick,ballcontrol,idle,idle,000
kick_short_0_0_infront_y0_045,kick,ballcontrol,idle,idle,045
kick_short_0_0_inside_y0_000,kick,ballcontrol,idle,idle,000
kick_short_0_0_inside_y0_000_direct,kick,ballcontrol,idle,idle,000
kick_short_0_0_inside_y0_000_jostle,kick,ballcontrol,idle,idle,000
kick_short_0_0_inside_y0_000_keep,kick,ballcontrol,idle,idle,000
kick_short_0_0_inside_y0_000_side,kick,ballcontrol,idle,idle,000
kick_short_0_0_inside_y0_045,kick,ballcontrol,idle,idle,045
kick_short_0_0_inside_y0_045_direct,kick,ballcontrol,idle,idle,045
kick_short_0_0_inside_y0_045_far,kick,ballcontrol,idle,idle,045
kick_short_0_0_inside_y0_045_jostle,kick,ballcontrol,idle,idle,045
kick_short_0_0_inside_y0_045_keep,kick,ballcontrol,idle,idle,045
kick_short_0_0_inside_y0_045_side,kick,ballcontrol,idle,idle,045
kick_short_0_0_inside_y0_090,kick,ballcontrol,idle,idle,090
kick_short_0_0_inside_y0_090_far,kick,ballcontrol,idle,idle,090
kick_short_0_0_inside_y0_090_jostle,kick,ballcontrol,idle,idle,090
kick_short_0_0_inside_y0_090_keep,kick,ballcontrol,idle,idle,090
kick_short_0_0_inside_y0_090_late,kick,ballcontrol,idle,idle,090
kick_short_0_0_inside_y0_090_side,kick,ballcontrol,idle,idle,090
kick_short_0_0_inside_y0_135,kick,ballcontrol,idle,idle,135
kick_short_0_0_inside_y0_135_late,kick,ballcontrol,idle,idle,135
kick_short_0_0_inside_y0_135_late_backstep,kick,ballcontrol,idle,idle,135
kick_short_0_0_inside_y0_135_late_sidestep,kick,ballcontrol,idle,idle,135
kick_short_0_0_inside_y0_f045,kick,ballcontrol,idle,idle,045
kick_short_0_0_inside_y0_f045_direct,kick,ballcontrol,idle,idle,045
kick_short_0_0_inside_y0_f045_rear_flick,kick,ballcontrol,idle,idle,045
kick_short_0_0_inside_y0_f045_side,kick,ballcontrol,idle,idle,045
kick_short_0_0_inside_y0_f090,kick,ballcontrol,idle,idle,090
kick_short_0_0_inside_y0_f090_late_sidestep,kick,ballcontrol,idle,idle,090
kick_short_0_0_inside_y2_000,kick,ballcontrol,idle,idle,000
kick_short_0_0_inside_y2_000_keep,kick,ballcontrol,idle,idle,000
kick_short_0_0_inside_y2_045,kick,ballcontrol,idle,idle,045
kick_short_0_0_inside_y2_045_keep,kick,ballcontrol,idle,idle,045
kick_short_0_0_inside_y2_090,kick,ballcontrol,idle,idle,090
kick_short_0_0_inside_y2_135,kick,ballcontrol,idle,idle,135
kick_short_0_0_inside_y2_f045,kick,ballcontrol,idle,idle,045
kick_short_0_0_inside_y2_f090,kick,ballcontrol,idle,idle,090
kick_short_0_0_inside_y4_000,kick,ballcontrol,idle,idle,000
kick_short_0_0_inside_y4_000_keep,kick,ballcontrol,idle,idle,000
kick_short_0_0_inside_y4_045,kick,ballcontrol,idle,idle,045
kick_short_0_0_inside_y4_045_keep,kick,ballcontrol,idle,idle,045
kick_short_0_0_inside_y4_090,kick,ballcontrol,idle,idle,090
kick_short_0_0_inside_y4_f045,kick,ballcontrol,idle,idle,045
kick_short_0_0_instep_y2_000_up,kick,ballcontrol,idle,idle,000
kick_short_0_0_instep_y4_000_up,kick,ballcontrol,idle,idle,000
kick_short_0_0_outside_y0_000_far,kick,ballcontrol,idle,idle,000
kick_short_0_0_outside_y0_000_lob,kick,ballcontrol,idle,idle,000
kick_short_0_0_outside_y0_f045,kick,ballcontrol,idle,idle,045
kick_short_0_0_outside_y0_f045_far,kick,ballcontrol,idle,idle,045
kick_short_0_0_outside_y0_f045_jostle,kick,ballcontrol,idle,idle,045
kick_short_0_0_outside_y0_f045_lob,kick,ballcontrol,idle,idle,045
kick_short_0_0_outside_y0_f045_side_bodyfake,kick,ballcontrol,idle,idle,045
kick_short_0_0_outside_y0_f090,kick,ballcontrol,idle,idle,090
kick_short_0_0_outside_y0_f090_lob,kick,ballcontrol,idle,idle,090
kick_short_0_0_outside_y0_f090_side,kick,ballcontrol,idle,idle,090
kick_short_0_0_outside_y0_f090_side_bodyfake,kick,ballcontrol,idle,idle,090
kick_short_0_0_outside_y0_f135_side,kick,ballcontrol,idle,idle,135
kick_short_0_0_outside_y2_f045,kick,ballcontrol,idle,idle,045
kick_short_0_0_outside_y2_f135,kick,ballcontrol,idle,idle,135
kick_short_0_0_outside_y4_f045,kick,ballcontrol,idle,idle,045
kick_short_0_0_outside_y4_f090,kick,ballcontrol,idle,idle,090
kick_short_0_0_outside_y4_f135_rear,kick,ballcontrol,idle,idle,135
kick_short_0_0_sole_y0_f135_jostle,kick,ballcontrol,idle,idle,135
kick_short_0_4_heel_y0_090_r_135,kick,ballcontrol,idle,sprint,090
kick_short_0_4_heel_y0_090_r_f135,kick,ballcontrol,idle,sprint,090
kick_short_0_4_inside_y0_000_r_045,kick,ballcontrol,idle,sprint,000
kick_short_0_4_inside_y0_000_r_090,kick,ballcontrol,idle,sprint,000
kick_short_0_4_inside_y0_000_r_135,kick,ballcontrol,idle,sprint,000
kick_short_0_4_inside_y0_045_r_000,kick,ballcontrol,idle,sprint,045
kick_short_0_4_inside_y0_045_r_090,kick,ballcontrol,idle,sprint,045
kick_short_0_4_inside_y0_045_r_135,kick,ballcontrol,idle,sprint,045
kick_short_0_4_inside_y0_045_r_f090,kick,ballcontrol,idle,sprint,045
kick_short_0_4_inside_y0_045_r_f135,kick,ballcontrol,idle,sprint,045
kick_short_0_4_inside_y0_090_r_045,kick,ballcontrol,idle,sprint,090
kick_short_0_4_inside_y0_f045_r_045,kick,ballcontrol,idle,sprint,045
kick_short_0_4_outside_y0_f090_r_000,kick,ballcontrol,idle,sprint,090
kick_short_0_4_outside_y0_f090_r_045,kick,ballcontrol,idle,sprint,090
kick_short_0_4_outside_y0_f090_r_090,kick,ballcontrol,idle,sprint,090
kick_short_0_4_outside_y0_f090_r_135,kick,ballcontrol,idle,sprint,090
kick_short_0_4_outside_y0_f090_r_f135,kick,ballcontrol,idle,sprint,090
kick_short_3_0_heel_y0_090,kick,ballcontrol,sprint,idle,090
kick_short_3_0_heel_y0_135,kick,ballcontrol,sprint,idle,135
kick_short_3_0_heel_y0_180,kick,ballcontrol,sprint,idle,180
kick_short_3_0_heel_y0_f045_roulette,kick,ballcontrol,sprint,idle,045
kick_short_3_0_heel_y0_f090_roulette,kick,ballcontrol,sprint,idle,090
kick_short_3_0_heel_y0_f135_roulette,kick,ballcontrol,sprint,idle,135
kick_short_3_0_heel_y2_000,kick,ballcontrol,sprint,idle,000
kick_short_3_0_heel_y2_090,kick,ballcontrol,sprint,idle,090
kick_short_3_0_heel_y2_135,kick,ballcontrol,sprint,idle,135
kick_short_3_0_heel_y2_180,kick,ballcontrol,sprint,idle,180
kick_short_3_0_heel_y4_000,kick,ballcontrol,sprint,idle,000
kick_short_3_0_heel_y4_000_rear_far,kick,ballcontrol,sprint,idle,000
kick_short_3_0_heel_y4_090,kick,ballcontrol,sprint,idle,090
kick_short_3_0_heel_y4_090_jumpover,kick,ballcontrol,sprint,idle,090
kick_short_3_0_heel_y4_180,kick,ballcontrol,sprint,idle,180
kick_short_3_0_heel_y6_000_rear_far,kick,ballcontrol,sprint,idle,000
kick_short_3_0_infront_y0_000,kick,ballcontrol,sprint,idle,000
kick_short_3_0_infront_y0_045,kick,ballcontrol,sprint,idle,045
kick_short_3_0_infront_y0_045_lob,kick,ballcontrol,sprint,idle,045
kick_short_3_0_inside_y0_000,kick,ballcontrol,sprint,idle,000
kick_short_3_0_inside_y0_000_direct,kick,ballcontrol,sprint,idle,000
kick_short_3_0_inside_y0_000_rear,kick,ballcontrol,sprint,idle,000
kick_short_3_0_inside_y0_000_side,kick,ballcontrol,sprint,idle,000
kick_short_3_0_inside_y0_000_sidle,kick,ballcontrol,sprint,idle,000
kick_short_3_0_inside_y0_045,kick,ballcontrol,sprint,idle,045
kick_short_3_0_inside_y0_045_direct,kick,ballcontrol,sprint,idle,045
kick_short_3_0_inside_y0_045_rear,kick,ballcontrol,sprint,idle,045
kick_short_3_0_inside_y0_045_side,kick,ballcontrol,sprint,idle,045
kick_short_3_0_inside_y0_045_sidle,kick,ballcontrol,sprint,idle,045
kick_short_3_0_inside_y0_090,kick,ballcontrol,sprint,idle,090
kick_short_3_0_inside_y0_090_far,kick,ballcontrol,sprint,idle,090
kick_short_3_0_inside_y0_090_side,kick,ballcontrol,sprint,idle,090
kick_short_3_0_inside_y0_090_sidle,kick,ballcontrol,sprint,idle,090
kick_short_3_0_inside_y0_135,kick,ballcontrol,sprint,idle,135
kick_short_3_0_inside_y0_135_late,kick,ballcontrol,sprint,idle,135
kick_short_3_0_inside_y0_f045,kick,ballcontrol,sprint,idle,045
kick_short_3_0_inside_y0_f045_direct,kick,ballcontrol,sprint,idle,045
kick_short_3_0_inside_y0_f045_rear,kick,ballcontrol,sprint,idle,045
kick_short_3_0_inside_y0_f045_rear_flick,kick,ballcontrol,sprint,idle,045
kick_short_3_0_inside_y0_f045_side,kick,ballcontrol,sprint,idle,045
kick_short_3_0_inside_y0_f090,kick,ballcontrol,sprint,idle,090
kick_short_3_0_inside_y0_f090_rear,kick,ballcontrol,sprint,idle,090
kick_short_3_0_inside_y2_000,kick,ballcontrol,sprint,idle,000
kick_short_3_0_inside_y2_045,kick,ballcontrol,sprint,idle,045
kick_short_3_0_inside_y2_090,kick,ballcontrol,sprint,idle,090
kick_short_3_0_inside_y2_135,kick,ballcontrol,sprint,idle,135
kick_short_3_0_inside_y2_f045,kick,ballcontrol,sprint,idle,045
kick_short_3_0_inside_y2_f090,kick,ballcontrol,sprint,idle,090
kick_short_3_0_inside_y4_000,kick,ballcontrol,sprint,idle,000
kick_short_3_0_inside_y4_045,kick,ballcontrol,sprint,idle,045
kick_short_3_0_inside_y4_090,kick,ballcontrol,sprint,idle,090
kick_short_3_0_inside_y4_090_far,kick,ballcontrol,sprint,idle,090
kick_short_3_0_inside_y4_135,kick,ballcontrol,sprint,idle,135
kick_short_3_0_inside_y4_f045,kick,ballcontrol,sprint,idle,045
kick_short_3_0_inside_y4_f090,kick,ballcontrol,sprint,idle,090
kick_short_3_0_instep_y4_180_far,kick,ballcontrol,sprint,idle,180
kick_short_3_0_instep_y6_180_far,kick,ballcontrol,sprint,idle,180
kick_short_3_0_outside_y0_000_far,kick,ballcontrol,sprint,idle,000
kick_short_3_0_outside_y0_000_far_sidle,kick,ballcontrol,sprint,idle,000
kick_short_3_0_outside_y0_000_lob,kick,ballcontrol,sprint,idle,000
kick_short_3_0_outside_y0_f022_lob,kick,ballcontrol,sprint,idle,022
kick_short_3_0_outside_y0_f045,kick,ballcontrol,sprint,idle,045
kick_short_3_0_outside_y0_f045_far,kick,ballcontrol,sprint,idle,045
kick_short_3_0_outside_y0_f045_vanpersie,kick,ballcontrol,sprint,idle,045
kick_short_3_0_outside_y0_f090,kick,ballcontrol,sprint,idle,090
kick_short_3_0_outside_y0_f090_rabona,kick,ballcontrol,sprint,idle,090
kick_short_3_0_outside_y0_f135,kick,ballcontrol,sprint,idle,135
kick_short_3_0_outside_y2_f045,kick,ballcontrol,sprint,idle,045
kick_short_3_0_outside_y2_f135,kick,ballcontrol,sprint,idle,135
kick_short_3_0_outside_y4_f045,kick,ballcontrol,sprint,idle,045
kick_short_3_0_outside_y4_f135,kick,ballcontrol,sprint,idle,135
kick_short_3_0_outside_y6_000_rear_taekwondo,kick,ballcontrol,sprint,idle,000
kick_short_3_0_outside_y6_090_rear_taekwondo,kick,ballcontrol,sprint,idle,090
kick_short_3_0_outside_y6_f090_taekwondo,kick,ballcontrol,sprint,idle,090
kick_short_3_0_outside_y6_f135,kick,ballcontrol,sprint,idle,135
kick_short_3_0_sole_y0_180,kick,ballcontrol,sprint,idle,180
kick_short_3_0_sole_y0_f135,kick,ballcontrol,sprint,idle,135
kick_short_3_0_toe_y0_000,kick,ballcontrol,sprint,idle,000
kick_short_3_0_toe_y2_000_far,kick,ballcontrol,sprint,idle,000
kick_short_3_0_toe_y2_f045_far,kick,ballcontrol,sprint,idle,045
kick_short_3_0_toe_y4_000_far,kick,ballcontrol,sprint,idle,000
kick_short_3_0_toe_y6_000_far,kick,ballcontrol,sprint,idle,000
kick_short_3_4_heel_y0_090_r_135,kick,ballcontrol,sprint,sprint,090
kick_short_3_4_heel_y0_090_r_f135,kick,ballcontrol,sprint,sprint,090
kick_short_3_4_inside_y0_000_r_045,kick,ballcontrol,sprint,sprint,000
kick_short_3_4_inside_y0_000_r_090,kick,ballcontrol,sprint,sprint,000
kick_short_3_4_inside_y0_000_r_135,kick,ballcontrol,sprint,sprint,000
kick_short_3_4_inside_y0_045_r_000,kick,ballcontrol,sprint,sprint,045
kick_short_3_4_inside_y0_045_r_090,kick,ballcontrol,sprint,sprint,045
kick_short_3_4_inside_y0_045_r_135,kick,ballcontrol,sprint,sprint,045
kick_short_3_4_inside_y0_045_r_f090,kick,ballcontrol,sprint,sprint,045
kick_short_3_4_inside_y0_045_r_f135,kick,ballcontrol,sprint,sprint,045
kick_short_3_4_inside_y0_090_r_045,kick,ballcontrol,sprint,sprint,090
kick_short_3_4_inside_y0_f045_r_045,kick,ballcontrol,sprint,sprint,045
kick_short_3_4_outside_y0_f090_r_000,kick,ballcontrol,sprint,sprint,090
kick_short_3_4_outside_y0_f090_r_045,kick,ballcontrol,sprint,sprint,090
kick_short_3_4_outside_y0_f090_r_090,kick,ballcontrol,sprint,sprint,090
kick_short_3_4_outside_y0_f090_r_135,kick,ballcontrol,sprint,sprint,090
kick_short_3_4_outside_y0_f090_r_f135,kick,ballcontrol,sprint,sprint,090
kickoff_kicker_pass,kick,ballcontrol,,,
kickoff_kicker_stand_pass,kick,ballcontrol,,,
kickoff_look_around,kick,ballcontrol,,,
kickoff_loop_jump,kick,ballcontrol,,,
kickoff_loop_kicker,kick,ballcontrol,,,
kickoff_loop_kicker_stand,kick,ballcontrol,,,
kickoff_loop_one_foot,kick,ballcontrol,,,
kickoff_loop_shake,kick,ballcontrol,,,
kickoff_loop_shake45,kick,ballcontrol,,,
kickoff_loop_standstill,kick,ballcontrol,,,
kickoff_loop_stretch,kick,ballcontrol,,,
kickoff_loop_waist,kick,ballcontrol,,,
kickoff_loop_walk_back_front,kick,ballcontrol,,,
kickoff_loop_walk_front_back,kick,ballcontrol,,,
kickoff_loop_walk_side,kick,ballcontrol,,,
layer_assistant_flag_hand_R,other,unknown,,,
layer_assistant_flag_switch_R_L,other,unknown,,,
layer_avoid_f045,other,unknown,,,045
layer_avoid_f045_v2,other,unknown,,,045
layer_backhand,other,unknown,,,
layer_direct_at_000,other,unknown,,,000
layer_direct_at_f045,other,unknown,,,045
layer_direct_at_f090,other,unknown,,,090
layer_direct_at_f135,other,unknown,,,135
layer_give_around_both,other,unknown,,,
layer_give_around_both_wide,other,unknown,,,
layer_give_around_bothup,other,unknown,,,
layer_give_fornt_one,other,unknown,,,
layer_give_run_one,other,unknown,,,
layer_give_run_oneup,other,unknown,,,
layer_give_side_bothup,other,unknown,,,
layer_gk_free_BackLineInstruct_Bothhand,other,unknown,,,
layer_gk_free_BackLineInstruct_Bothhand_2,other,unknown,,,
layer_gk_free_instruction,other,unknown,,,
layer_gk_free_thrashHandNear,other,unknown,,,
layer_gkcoaching_high_shout,other,unknown,,,
layer_gkcoaching_mid_point,other,unknown,,,
layer_gkgoalpost_r_f90,other,unknown,,,
layer_godhand,other,unknown,,,
layer_jostle_000,other,unknown,,,000
layer_jostle_000_f090_block,other,unknown,,,000
layer_jostle_180,other,unknown,,,180
layer_jostle_f045_000_block,other,unknown,,,045
layer_jostle_f045_f090_touch,other,unknown,,,045
layer_jostle_f045_sub_far,other,unknown,,,045
layer_jostle_f090_main,other,unknown,,,090
layer_jostle_f090_main_v2,other,unknown,,,090
layer_jostle_f090_main_v3,other,unknown,,,090
layer_jostle_f090_sub,other,unknown,,,090
layer_jostle_f135_main,other,unknown,,,135
layer_notouch_appeal,other,unknown,,,
layer_push_f090_main,other,unknown,,,090
layer_push_f090_sub,other,unknown,,,090
layer_pushaside_f135_main,other,unknown,,,135
layer_touch_face,other,unknown,,,
layer_touch_head,other,unknown,,,
layer_touch_head_face,other,unknown,,,
layer_touch_nose,other,unknown,,,
layer_wipe_sweat,other,unknown,,,
lose_dribble_deprived_3_0_000,other,unknown,sprint,idle,000
lose_dribble_deprived_4_0_000,other,unknown,sprint,idle,000
lose_float_ball_4_0_150,other,unknown,sprint,idle,150
lose_nutmeg_idle_0_0_135,other,unknown,idle,idle,135
lose_nutmeg_idle_0_0_180,other,unknown,idle,idle,180
lose_nutmeg_run_3_0_f270,other,unknown,sprint,idle,270
lose_nutmeg_run_3_0_f315,other,unknown,sprint,idle,315
mid_delay_1_1,other,unknown,dribble,dribble,
mid_delay_2_2,other,unknown,walk,walk,
mid_delay_3_3,other,unknown,sprint,sprint,
mid_delayback_1_1,other,unknown,dribble,dribble,
mid_delayback_2_0,other,unknown,walk,idle,
mid_delayback_2_2,other,unknown,walk,walk,
mid_delayback_2_2_mid_delayside,other,unknown,walk,walk,
mid_delayback_3_3,other,unknown,sprint,sprint,
mid_delaybackslant_1_1,other,unknown,dribble,dribble,
mid_delaybackslant_2_0,other,unknown,walk,idle,
mid_delaybackslant_2_2,other,unknown,walk,walk,
mid_delaybackslant_3_3,other,unknown,sprint,sprint,
mid_delayside_1_1,other,unknown,dribble,dribble,
mid_delayside_2_0,other,unknown,walk,idle,
mid_delayside_2_2,other,unknown,walk,walk,
mid_delayside_3_3,other,unknown,sprint,sprint,
mid_delayslant_1_1,other,unknown,dribble,dribble,
mid_delayslant_2_0,other,unknown,walk,idle,
mid_delayslant_2_2,other,unknown,walk,walk,
mid_delayslant_3_3,other,unknown,sprint,sprint,
mid_jockey_045,other,unknown,,,045
mid_jockey_090,other,unknown,,,090
mid_jockey_135,other,unknown,,,135
mid_jockey_180,other,unknown,,,180
mid_jockey_a,other,unknown,,,
mid_jockey_passget,other,unknown,,,
mid_jockey_passget_v2,other,unknown,,,
mid_jockey_passget_v3,other,unknown,,,
mid_jocky_standby,other,unknown,,,
mid_jocky_standby_noloop,other,unknown,,,
near_delay_0_0_v2,other,unknown,idle,idle,
near_delay_0_2_back_f090,other,unknown,idle,walk,090
near_delay_0_2_side_180,other,unknown,idle,walk,180
near_delay_0_2_side_180_v2,other,unknown,idle,walk,180
near_delay_1_1,other,unknown,dribble,dribble,
near_delay_2_0,other,unknown,walk,idle,
near_delay_2_2,other,unknown,walk,walk,
near_delay_3_3,other,unknown,sprint,sprint,
near_delay_standby_goalline_noloop,other,unknown,,,
near_delayback_1_1,other,unknown,dribble,dribble,
near_delayback_2_0,other,unknown,walk,idle,
near_delayback_2_2,other,unknown,walk,walk,
near_delayback_3_3,other,unknown,sprint,sprint,
near_delayback_3_3_run_f045,other,unknown,sprint,sprint,045
near_delaybackslant_1_1,other,unknown,dribble,dribble,
near_delaybackslant_2_0,other,unknown,walk,idle,
near_delaybackslant_2_2,other,unknown,walk,walk,
near_delaybackslant_3_3,other,unknown,sprint,sprint,
near_delayside_1_1,other,unknown,dribble,dribble,
near_delayside_2_0,other,unknown,walk,idle,
near_delayside_2_2,other,unknown,walk,walk,
near_delayside_3_3,other,unknown,sprint,sprint,
near_delayside_3_3_run,other,unknown,sprint,sprint,
near_delayslant_1_1,other,unknown,dribble,dribble,
near_delayslant_2_0,other,unknown,walk,idle,
near_delayslant_2_2,other,unknown,walk,walk,
near_delayslant_3_3,other,unknown,sprint,sprint,
near_run_0_2,other,unknown,idle,walk,
near_run_0_3,other,unknown,idle,sprint,
near_run_1_1,other,unknown,dribble,dribble,
near_run_2_0,other,unknown,walk,idle,
near_run_2_0_000_press_near_delay,other,unknown,walk,idle,000
near_run_2_0_045,other,unknown,walk,idle,045
near_run_2_0_090,other,unknown,walk,idle,090
near_run_2_2,other,unknown,walk,walk,
near_run_3_3,other,unknown,sprint,sprint,
near_run_4_0,other,unknown,sprint,idle,
near_run_4_0_045,other,unknown,sprint,idle,045
near_run_4_0_090,other,unknown,sprint,idle,090
near_run_4_0_135,other,unknown,sprint,idle,135
near_run_4_4,other,unknown,sprint,sprint,
parallel_2_2,other,unknown,walk,walk,
parallel_2_2_back,other,unknown,walk,walk,
parallel_2_2_back_045,other,unknown,walk,walk,045
parallel_2_2_back_180_hurry,other,unknown,walk,walk,180
parallel_2_2_run_f090,other,unknown,walk,walk,090
parallel_2_2_run_f180,other,unknown,walk,walk,180
parallel_2_2_run_f180_hurry,other,unknown,walk,walk,180
parallel_2_2_side,other,unknown,walk,walk,
parallel_2_2_side_f180,other,unknown,walk,walk,180
parallel_2_2_side_f180_hurry,other,unknown,walk,walk,180
parallel_2_2_side_v2,other,unknown,walk,walk,
parallel_2_3_back_180_hurry,other,unknown,walk,sprint,180
parallel_2_3_side_f180_hurry,other,unknown,walk,sprint,180
parallel_2_4,other,unknown,walk,sprint,
parallel_2_4_000_hurry,other,unknown,walk,sprint,000
parallel_2_4_run_f180_hurry,other,unknown,walk,sprint,180
parallel_3_1_back,other,unknown,sprint,dribble,
parallel_3_1_f225_lose,other,unknown,sprint,dribble,225
parallel_3_2_back_180_hurry,other,unknown,sprint,walk,180
parallel_3_2_side_f180_hurry,other,unknown,sprint,walk,180
parallel_3_3,other,unknown,sprint,sprint,
parallel_3_3_045_hurry,other,unknown,sprint,sprint,045
parallel_3_3_090_hurry,other,unknown,sprint,sprint,090
parallel_3_3_back,other,unknown,sprint,sprint,
parallel_3_3_back_180_hurry,other,unknown,sprint,sprint,180
parallel_3_3_parallel_045,other,unknown,sprint,sprint,045
parallel_3_3_side_045,other,unknown,sprint,sprint,045
parallel_3_3_v2,other,unknown,sprint,sprint,
parallel_4_2,other,unknown,sprint,walk,
parallel_4_2_090,other,unknown,sprint,walk,090
parallel_4_2_back,other,unknown,sprint,walk,
parallel_4_2_f270,other,unknown,sprint,walk,270
parallel_4_2_side,other,unknown,sprint,walk,
parallel_4_2_side_090,other,unknown,sprint,walk,090
parallel_4_2_side_f090,other,unknown,sprint,walk,090
parallel_4_4,other,unknown,sprint,sprint,
parallel_4_4_v2,other,unknown,sprint,sprint,
parallel_4_4_v3,other,unknown,sprint,sprint,
pk_enclose_ashibumi_loop,other,unknown,,,
pk_enclose_harai_loop,other,unknown,,,
pk_enclose_hiza_hiraki_loop,other,unknown,,,
pk_enclose_hiza_loop,other,unknown,,,
pk_enclose_kamae_loop,other,unknown,,,
pk_idle,other,unknown,,,
pk_idle_2,other,unknown,,,
pk_idle_cristiano,other,unknown,,,
pk_idle_dummy_8,other,unknown,,,
pk_idle_lewandowski,other,unknown,,,
pk_idle_neymar,other,unknown,,,
pk_idle_pogba,other,unknown,,,
pk_idle_ronaldinho,other,unknown,,,
pk_idle_ronaldinho_2,other,unknown,,,
pk_kamae_loop_001,other,unknown,,,001
pk_kamae_loop_002,other,unknown,,,002
pk_kamae_loop_003,other,unknown,,,003
pk_kamae_loop_004,other,unknown,,,004
pk_kamae_loop_005,other,unknown,,,005
pk_runup,other,unknown,,,
pk_runup_2,other,unknown,,,
pk_runup_cristiano,other,unknown,,,
pk_runup_dummy_8,other,unknown,,,
pk_runup_lewandowski,other,unknown,,,
pk_runup_neymar,other,unknown,,,
pk_runup_pogba,other,unknown,,,
pk_runup_ronaldinho,other,unknown,,,
pk_runup_ronaldinho_2,other,unknown,,,
postman_loop,other,unknown,,,
quick_restart0,other,unknown,,,
quick_restart135,other,unknown,,,
quick_restart180,other,unknown,,,
quick_restart225,other,unknown,,,
quick_restart270,other,unknown,,,
quick_restart315,other,unknown,,,
quick_restart45,other,unknown,,,
quick_restart90,other,unknown,,,
quick_restart_set_loop,other,unknown,,,
quick_restart_step,other,unknown,,,
quick_restart_step180,other,unknown,,,
quick_restart_step180_near,other,unknown,,,
quick_restart_step270,other,unknown,,,
quick_restart_step270_near,other,unknown,,,
quick_restart_step90,other,unknown,,,
quick_restart_step90_near,other,unknown,,,
quick_restart_step_near,other,unknown,,,
quick_restart_to_kamae,other,unknown,,,
rapid_3_2_dodge_jumpslide,other,unknown,sprint,walk,
rapid_4_3_appeal,other,unknown,sprint,sprint,
rapid_4_3_appeal_v2,other,unknown,sprint,sprint,
rapidstop_2_0,other,unknown,walk,idle,
rapidstop_3_0,other,unknown,sprint,idle,
rapidstop_3_0_persist,other,unknown,sprint,idle,
referee_1_0_000_hand_low_point_000,official,official,dribble,idle,000
referee_1_0_000_hand_middle_point_000,official,official,dribble,idle,000
referee_1_0_f060_hand_low_point_f060,official,official,dribble,idle,060
referee_1_0_f060_hand_middle_point_f060,official,official,dribble,idle,060
referee_1_0_f150_hand_middle_point_f150,official,official,dribble,idle,150
referee_2_2_000_whistle,official,official,walk,walk,000
referee_3_0_000_hand_low_point_000,official,official,sprint,idle,000
referee_3_0_000_hand_middle_point_000,official,official,sprint,idle,000
referee_3_0_f060_hand_low_point_f060,official,official,sprint,idle,060
referee_3_0_f060_hand_middle_point_f060,official,official,sprint,idle,060
referee_3_0_f150_hand_middle_point_f150,official,official,sprint,idle,150
referee_advantage_1_1_jog,official,official,dribble,dribble,
referee_advantage_3_3,official,official,sprint,sprint,
referee_game_end_1_0_hand_up_whistle,official,official,dribble,idle,
referee_hand_up_0,official,official,,,
referee_hand_up_0_060,official,official,,,060
referee_hand_up_0_f060,official,official,,,060
referee_hand_up_0_hand_down,official,official,,,
referee_kickoff_start_0,official,official,,,
referee_stand_0,official,official,,,
referee_stand_0_hand_up_whistle,official,official,,,
referee_stand_0_whistle,official,official,,,
riseup_allfours_0_0_000,other,unknown,idle,idle,000
riseup_allfours_0_0_060,other,unknown,idle,idle,060
riseup_allfours_0_0_150,other,unknown,idle,idle,150
riseup_allfours_0_3_000,other,unknown,idle,sprint,000
riseup_allfours_0_3_060,other,unknown,idle,sprint,060
riseup_allfours_0_3_150,other,unknown,idle,sprint,150
riseup_facedown_0_0_000,other,unknown,idle,idle,000
riseup_facedown_0_0_060,other,unknown,idle,idle,060
riseup_facedown_0_0_150,other,unknown,idle,idle,150
riseup_facedown_0_3_000,other,unknown,idle,sprint,000
riseup_facedown_0_3_060,other,unknown,idle,sprint,060
riseup_facedown_0_3_150,other,unknown,idle,sprint,150
riseup_faceup_0_0_000,other,unknown,idle,idle,000
riseup_faceup_0_0_060,other,unknown,idle,idle,060
riseup_faceup_0_0_150,other,unknown,idle,idle,150
riseup_faceup_0_3_000,other,unknown,idle,sprint,000
riseup_faceup_0_3_060,other,unknown,idle,sprint,060
riseup_faceup_0_3_150,other,unknown,idle,sprint,150
run_1_1,locomotion,movement,dribble,dribble,
run_1_1_timingstep,locomotion,movement,dribble,dribble,
run_2_0,locomotion,movement,walk,idle,
run_2_0_045,locomotion,movement,walk,idle,045
run_2_0_090,locomotion,movement,walk,idle,090
run_2_0_135,locomotion,movement,walk,idle,135
run_2_0_slow,locomotion,movement,walk,idle,
run_2_2,locomotion,movement,walk,walk,
run_2_2_045,locomotion,movement,walk,walk,045
run_2_2_090,locomotion,movement,walk,walk,090
run_2_2_090_jump,locomotion,movement,walk,walk,090
run_2_2_135,locomotion,movement,walk,walk,135
run_2_2_135_jump,locomotion,movement,walk,walk,135
run_2_2_180,locomotion,movement,walk,walk,180
run_2_2_180_step,locomotion,movement,walk,walk,180
run_2_2_180_tired,locomotion,movement,walk,walk,180
run_2_2_back,locomotion,movement,walk,walk,
run_2_2_back_045,locomotion,movement,walk,walk,045
run_2_2_back_090,locomotion,movement,walk,walk,090
run_2_2_back_090_relax,locomotion,movement,walk,walk,090
run_2_2_back_090_slow,locomotion,movement,walk,walk,090
run_2_2_back_135,locomotion,movement,walk,walk,135
run_2_2_back_180_relax,locomotion,movement,walk,walk,180
run_2_2_f225,locomotion,movement,walk,walk,225
run_2_2_f270,locomotion,movement,walk,walk,270
run_2_2_parallel_135,locomotion,movement,walk,walk,135
run_2_2_parallel_135_jump,locomotion,movement,walk,walk,135
run_2_2_parallel_180,locomotion,movement,walk,walk,180
run_2_2_relax,locomotion,movement,walk,walk,
run_2_2_side,locomotion,movement,walk,walk,
run_2_2_side_045,locomotion,movement,walk,walk,045
run_2_2_side_090,locomotion,movement,walk,walk,090
run_2_2_side_090_hurry,locomotion,movement,walk,walk,090
run_2_2_side_135,locomotion,movement,walk,walk,135
run_2_2_side_180,locomotion,movement,walk,walk,180
run_2_2_tired_v1,locomotion,movement,walk,walk,
run_2_2_tired_v2,locomotion,movement,walk,walk,
run_2_3_run_000_feint_135,locomotion,movement,walk,sprint,000
run_2_3_run_045_feint_f045,locomotion,movement,walk,sprint,045
run_2_3_run_090_feint_f090,locomotion,movement,walk,sprint,090
run_2_3_run_135_feint_000,locomotion,movement,walk,sprint,135
run_2_3_run_180_feint_000,locomotion,movement,walk,sprint,180
run_2_4_000,locomotion,movement,walk,sprint,000
run_2_4_000_hurry,locomotion,movement,walk,sprint,000
run_2_4_000_hurry_bendforward,locomotion,movement,walk,sprint,000
run_2_4_000_press,locomotion,movement,walk,sprint,000
run_2_4_000_tired,locomotion,movement,walk,sprint,000
run_2_4_000_v2,locomotion,movement,walk,sprint,000
run_2_4_045,locomotion,movement,walk,sprint,045
run_2_4_045_hurry,locomotion,movement,walk,sprint,045
run_2_4_045_press,locomotion,movement,walk,sprint,045
run_2_4_090,locomotion,movement,walk,sprint,090
run_2_4_090_hurry,locomotion,movement,walk,sprint,090
run_2_4_090_press,locomotion,movement,walk,sprint,090
run_2_4_135,locomotion,movement,walk,sprint,135
run_2_4_135_hurry,locomotion,movement,walk,sprint,135
run_2_4_180,locomotion,movement,walk,sprint,180
run_2_4_180_hurry,locomotion,movement,walk,sprint,180
run_2_4_f225,locomotion,movement,walk,sprint,225
run_2_4_f270,locomotion,movement,walk,sprint,270
run_3_0,locomotion,movement,sprint,idle,
run_3_0_045,locomotion,movement,sprint,idle,045
run_3_0_045_v2,locomotion,movement,sprint,idle,045
run_3_0_090,locomotion,movement,sprint,idle,090
run_3_0_090_avoidstop,locomotion,movement,sprint,idle,090
run_3_0_090_hurry_slipdown,locomotion,movement,sprint,idle,090
run_3_0_090_relax,locomotion,movement,sprint,idle,090
run_3_0_135,locomotion,movement,sprint,idle,135
run_3_0_135_v2,locomotion,movement,sprint,idle,135
run_3_0_180,locomotion,movement,sprint,idle,180
run_3_1_000_pain,locomotion,movement,sprint,dribble,000
run_3_1_000_pain_falldown,locomotion,movement,sprint,dribble,000
run_3_1_000_pain_falldown_v2,locomotion,movement,sprint,dribble,000
run_3_1_000_pain_sign,locomotion,movement,sprint,dribble,000
run_3_1_000_safetypose,locomotion,movement,sprint,dribble,000
run_3_1_walk,locomotion,movement,sprint,dribble,
run_3_1_walk_045,locomotion,movement,sprint,dribble,045
run_3_1_walk_090,locomotion,movement,sprint,dribble,090
run_3_1_walk_135,locomotion,movement,sprint,dribble,135
run_3_1_walk_135_relax,locomotion,movement,sprint,dribble,135
run_3_1_walk_180,locomotion,movement,sprint,dribble,180
run_3_1_walk_f135_lose,locomotion,movement,sprint,dribble,135
run_3_2_back_090,locomotion,movement,sprint,walk,090
run_3_2_back_135,locomotion,movement,sprint,walk,135
run_3_2_side_045,locomotion,movement,sprint,walk,045
run_3_2_side_090,locomotion,movement,sprint,walk,090
run_3_2_side_135,locomotion,movement,sprint,walk,135
run_3_2_side_180,locomotion,movement,sprint,walk,180
run_3_2_side_270,locomotion,movement,sprint,walk,270
run_3_2_side_f180,locomotion,movement,sprint,walk,180
run_3_3,locomotion,movement,sprint,sprint,
run_3_3_000_holdmiss,locomotion,movement,sprint,sprint,000
run_3_3_045,locomotion,movement,sprint,sprint,045
run_3_3_045_hurry,locomotion,movement,sprint,sprint,045
run_3_3_090,locomotion,movement,sprint,sprint,090
run_3_3_090_hurry,locomotion,movement,sprint,sprint,090
run_3_3_090_hurry_slip,locomotion,movement,sprint,sprint,090
run_3_3_090_hurry_slipdown,locomotion,movement,sprint,sprint,090
run_3_3_090_relax,locomotion,movement,sprint,sprint,090
run_3_3_135,locomotion,movement,sprint,sprint,135
run_3_3_135_hurry,locomotion,movement,sprint,sprint,135
run_3_3_135_hurry_stagger,locomotion,movement,sprint,sprint,135
run_3_3_135_hurry_v2,locomotion,movement,sprint,sprint,135
run_3_3_135_relax,locomotion,movement,sprint,sprint,135
run_3_3_180,locomotion,movement,sprint,sprint,180
run_3_3_180_hurry,locomotion,movement,sprint,sprint,180
run_3_3_180_hurry_slip,locomotion,movement,sprint,sprint,180
run_3_3_180_hurry_slipdown,locomotion,movement,sprint,sprint,180
run_3_3_180_relax,locomotion,movement,sprint,sprint,180
run_3_3_180_tired,locomotion,movement,sprint,sprint,180
run_3_3_180_v2,locomotion,movement,sprint,sprint,180
run_3_3_back,locomotion,movement,sprint,sprint,
run_3_3_back_045,locomotion,movement,sprint,sprint,045
run_3_3_back_090,locomotion,movement,sprint,sprint,090
run_3_3_back_135,locomotion,movement,sprint,sprint,135
run_3_3_back_135_v2,locomotion,movement,sprint,sprint,135
run_3_3_back_180,locomotion,movement,sprint,sprint,180
run_3_3_f225,locomotion,movement,sprint,sprint,225
run_3_3_f270,locomotion,movement,sprint,sprint,270
run_3_3_parallel_180,locomotion,movement,sprint,sprint,180
run_3_3_push_aside,locomotion,movement,sprint,sprint,
run_3_3_push_aside_v2,locomotion,movement,sprint,sprint,
run_3_3_side,locomotion,movement,sprint,sprint,
run_3_4,locomotion,movement,sprint,sprint,
run_4_0,locomotion,movement,sprint,idle,
run_4_0_045,locomotion,movement,sprint,idle,045
run_4_0_090,locomotion,movement,sprint,idle,090
run_4_0_135,locomotion,movement,sprint,idle,135
run_4_0_relax,locomotion,movement,sprint,idle,
run_4_0_v2,locomotion,movement,sprint,idle,
run_4_2,locomotion,movement,sprint,walk,
run_4_2_000_press,locomotion,movement,sprint,walk,000
run_4_2_045,locomotion,movement,sprint,walk,045
run_4_2_090,locomotion,movement,sprint,walk,090
run_4_2_090_v2,locomotion,movement,sprint,walk,090
run_4_2_135,locomotion,movement,sprint,walk,135
run_4_2_180,locomotion,movement,sprint,walk,180
run_4_2_180_v2,locomotion,movement,sprint,walk,180
run_4_2_back,locomotion,movement,sprint,walk,
run_4_2_back_180,locomotion,movement,sprint,walk,180
run_4_2_f225,locomotion,movement,sprint,walk,225
run_4_2_f270,locomotion,movement,sprint,walk,270
run_4_2_parallel_090,locomotion,movement,sprint,walk,090
run_4_2_parallel_135,locomotion,movement,sprint,walk,135
run_4_2_parallel_180,locomotion,movement,sprint,walk,180
run_4_2_parallel_f225,locomotion,movement,sprint,walk,225
run_4_2_parallel_f270,locomotion,movement,sprint,walk,270
run_4_2_quick,locomotion,movement,sprint,walk,
run_4_2_side_090,locomotion,movement,sprint,walk,090
run_4_2_side_135,locomotion,movement,sprint,walk,135
run_4_2_side_f225,locomotion,movement,sprint,walk,225
run_4_2_tired,locomotion,movement,sprint,walk,
run_4_2_tired_v2,locomotion,movement,sprint,walk,
run_4_3_back,locomotion,movement,sprint,sprint,
run_4_4,locomotion,movement,sprint,sprint,
run_4_4_045,locomotion,movement,sprint,sprint,045
run_4_4_090,locomotion,movement,sprint,sprint,090
run_4_4_090_v2,locomotion,movement,sprint,sprint,090
run_4_4_135,locomotion,movement,sprint,sprint,135
run_4_4_135_v2,locomotion,movement,sprint,sprint,135
run_4_4_180,locomotion,movement,sprint,sprint,180
run_4_4_180_v2,locomotion,movement,sprint,sprint,180
run_4_4_relax,locomotion,movement,sprint,sprint,
run_4_4_v2,locomotion,movement,sprint,sprint,
run_5_5,locomotion,movement,,,
run_adjust_2_2,locomotion,movement,walk,walk,
run_adjust_3_3,locomotion,movement,sprint,sprint,
runslant_1_1_relax,locomotion,movement,dribble,dribble,
runslant_1_1_timingstep,locomotion,movement,dribble,dribble,
runslant_2_0,locomotion,movement,walk,idle,
runslant_2_2,locomotion,movement,walk,walk,
runslant_2_2_relax,locomotion,movement,walk,walk,
runslant_3_3,locomotion,movement,sprint,sprint,
side_0_2,other,unknown,idle,walk,
side_1_1,other,unknown,dribble,dribble,
side_1_1_180,other,unknown,dribble,dribble,180
side_1_1_back_090,other,unknown,dribble,dribble,090
side_1_1_relax,other,unknown,dribble,dribble,
side_1_1_timingstep,other,unknown,dribble,dribble,
side_1_1_walk,other,unknown,dribble,dribble,
side_2_2,other,unknown,walk,walk,
side_2_2_045_run,other,unknown,walk,walk,045
side_2_2_back,other,unknown,walk,walk,
side_2_2_back_045,other,unknown,walk,walk,045
side_2_2_back_090,other,unknown,walk,walk,090
side_2_2_back_135,other,unknown,walk,walk,135
side_2_2_back_180,other,unknown,walk,walk,180
side_2_2_back_180_quick,other,unknown,walk,walk,180
side_2_2_back_180_relax,other,unknown,walk,walk,180
side_2_2_highjump_timingstep,other,unknown,walk,walk,
side_2_2_parallel_135,other,unknown,walk,walk,135
side_2_2_parallel_135_v2,other,unknown,walk,walk,135
side_2_2_parallel_f045,other,unknown,walk,walk,045
side_2_2_parallel_f045_v2,other,unknown,walk,walk,045
side_2_2_relax,other,unknown,walk,walk,
side_2_2_rot180,other,unknown,walk,walk,
side_2_2_run,other,unknown,walk,walk,
side_2_2_run_f090,other,unknown,walk,walk,090
side_2_2_run_f135,other,unknown,walk,walk,135
side_2_2_run_f180,other,unknown,walk,walk,180
side_2_2_run_f180_relax,other,unknown,walk,walk,180
side_2_2_run_f180_v2,other,unknown,walk,walk,180
side_2_2_side_045,other,unknown,walk,walk,045
side_2_2_side_090,other,unknown,walk,walk,090
side_2_2_side_135,other,unknown,walk,walk,135
side_2_2_side_135_v2,other,unknown,walk,walk,135
side_2_2_side_f045,other,unknown,walk,walk,045
side_2_2_side_f135,other,unknown,walk,walk,135
side_2_2_side_f135_v2,other,unknown,walk,walk,135
side_2_2_side_f180,other,unknown,walk,walk,180
side_2_2_side_f180_hurry,other,unknown,walk,walk,180
side_2_2_walk,other,unknown,walk,walk,
side_2_3_back_045,other,unknown,walk,sprint,045
side_2_3_parallel_f045,other,unknown,walk,sprint,045
side_2_3_run,other,unknown,walk,sprint,
side_2_3_run_045,other,unknown,walk,sprint,045
side_2_3_run_045_backside,other,unknown,walk,sprint,045
side_2_3_run_f135,other,unknown,walk,sprint,135
side_2_3_run_f180,other,unknown,walk,sprint,180
side_2_4_parallel,other,unknown,walk,sprint,
side_2_4_run,other,unknown,walk,sprint,
side_2_4_run_045,other,unknown,walk,sprint,045
side_2_4_run_045_hurry,other,unknown,walk,sprint,045
side_2_4_run_090,other,unknown,walk,sprint,090
side_2_4_run_090_hurry,other,unknown,walk,sprint,090
side_2_4_run_135,other,unknown,walk,sprint,135
side_2_4_run_f045,other,unknown,walk,sprint,045
side_2_4_run_f045_hurry,other,unknown,walk,sprint,045
side_2_4_run_f090,other,unknown,walk,sprint,090
side_2_4_run_f135,other,unknown,walk,sprint,135
side_2_4_run_f135_hurry,other,unknown,walk,sprint,135
side_2_4_run_f180,other,unknown,walk,sprint,180
side_2_4_run_f180_hurry,other,unknown,walk,sprint,180
side_2_4_run_f225,other,unknown,walk,sprint,225
side_2_4_run_f270,other,unknown,walk,sprint,270
side_2_4_run_v2,other,unknown,walk,sprint,
side_3_0,other,unknown,sprint,idle,
side_3_1_walk_f135_lose,other,unknown,sprint,dribble,135
side_3_1_walkback_180,other,unknown,sprint,dribble,180
side_3_2_run_f180_lose,other,unknown,sprint,walk,180
side_3_3,other,unknown,sprint,sprint,
side_3_3_back,other,unknown,sprint,sprint,
side_3_3_parallel_f045,other,unknown,sprint,sprint,045
side_3_3_parallel_f225,other,unknown,sprint,sprint,225
side_3_3_parallel_f270,other,unknown,sprint,sprint,270
side_3_3_run,other,unknown,sprint,sprint,
side_3_3_run_f045,other,unknown,sprint,sprint,045
side_3_3_run_f090,other,unknown,sprint,sprint,090
side_3_3_run_f180_hurry,other,unknown,sprint,sprint,180
side_3_3_side_045,other,unknown,sprint,sprint,045
side_3_3_side_f270,other,unknown,sprint,sprint,270
sliding_0_0_000,tackle,interfere,idle,idle,000
sliding_0_0_f045,tackle,interfere,idle,idle,045
sliding_0_0_f045_block_f090,tackle,interfere,idle,idle,045
sliding_0_0_f067_block,tackle,interfere,idle,idle,067
sliding_0_0_f090,tackle,interfere,idle,idle,090
sliding_2_0_045_parallel_R,tackle,interfere,walk,idle,045
sliding_2_0_090_parallel_R,tackle,interfere,walk,idle,090
sliding_3_0_000,tackle,interfere,sprint,idle,000
sliding_3_0_022_parallel_jostle_L_kickout,tackle,interfere,sprint,idle,022
sliding_3_0_045_parallel,tackle,interfere,sprint,idle,045
sliding_3_0_045_parallel_jostle_L_block,tackle,interfere,sprint,idle,045
sliding_3_0_045_parallel_jostle_L_kickout,tackle,interfere,sprint,idle,045
sliding_3_0_045_parallel_jostle_R_kickout,tackle,interfere,sprint,idle,045
sliding_3_0_090_parallel,tackle,interfere,sprint,idle,090
sliding_3_0_f030_parallel,tackle,interfere,sprint,idle,030
sliding_3_0_f045,tackle,interfere,sprint,idle,045
sliding_3_0_f045_parallel,tackle,interfere,sprint,idle,045
sliding_3_0_f090_heel,tackle,interfere,sprint,idle,090
sliding_3_0_f090_parallel,tackle,interfere,sprint,idle,090
sliding_side_2_0_f180,tackle,interfere,walk,idle,180
slidingkeep_3_0_135,tackle,interfere,sprint,idle,135
stagger_air_upbody_0_0_045,other,unknown,idle,idle,045
stagger_air_upbody_0_0_090,other,unknown,idle,idle,090
stagger_air_upbody_0_0_135,other,unknown,idle,idle,135
stagger_air_upbody_0_0_135_v2,other,unknown,idle,idle,135
stagger_air_upbody_0_0_f045,other,unknown,idle,idle,045
stagger_air_upbody_0_0_f090,other,unknown,idle,idle,090
stagger_air_upbody_0_0_f135,other,unknown,idle,idle,135
stagger_air_upbody_3_0_000,other,unknown,sprint,idle,000
stagger_air_upbody_3_0_090,other,unknown,sprint,idle,090
stagger_ballhit_reaction_y03_0_0_000,other,unknown,idle,idle,000
stagger_ballhit_reaction_y03_0_0_000_v2,other,unknown,idle,idle,000
stagger_ballhit_reaction_y04_0_0_000,other,unknown,idle,idle,000
stagger_ballhit_reaction_y04_0_0_000_v2,other,unknown,idle,idle,000
stagger_ballhit_reaction_y07_2_0_090,other,unknown,walk,idle,090
stagger_ballhit_reaction_y07_3_0_000,other,unknown,sprint,idle,000
stagger_ballhit_reaction_y07_3_0_090,other,unknown,sprint,idle,090
stagger_head_0_0_000,other,unknown,idle,idle,000
stagger_lowbody_0_0_000,other,unknown,idle,idle,000
stagger_lowbody_0_0_000_hard,other,unknown,idle,idle,000
stagger_lowbody_0_0_000_hard_v2,other,unknown,idle,idle,000
stagger_lowbody_0_0_090,other,unknown,idle,idle,090
stagger_lowbody_0_0_090_v2,other,unknown,idle,idle,090
stagger_lowbody_0_0_180,other,unknown,idle,idle,180
stagger_lowbody_0_0_180_hard,other,unknown,idle,idle,180
stagger_lowbody_3_3_000,other,unknown,sprint,sprint,000
stagger_lowbody_3_3_000_hard,other,unknown,sprint,sprint,000
stagger_lowbody_3_3_000_hard_long,other,unknown,sprint,sprint,000
stagger_lowbody_3_3_000_quickly,other,unknown,sprint,sprint,000
stagger_lowbody_3_3_000_v2,other,unknown,sprint,sprint,000
stagger_lowbody_3_3_045,other,unknown,sprint,sprint,045
stagger_lowbody_3_3_045_v2,other,unknown,sprint,sprint,045
stagger_lowbody_3_3_045_v3,other,unknown,sprint,sprint,045
stagger_lowbody_3_3_090_hard,other,unknown,sprint,sprint,090
stagger_lowbody_3_3_180,other,unknown,sprint,sprint,180
stagger_lowbody_4_4_045,other,unknown,sprint,sprint,045
stagger_upbody_0_0_000,other,unknown,idle,idle,000
stagger_upbody_0_0_000_hard,other,unknown,idle,idle,000
stagger_upbody_0_0_090,other,unknown,idle,idle,090
stagger_upbody_0_0_090_hard,other,unknown,idle,idle,090
stagger_upbody_0_0_180,other,unknown,idle,idle,180
stagger_upbody_0_0_180_v2,other,unknown,idle,idle,180
stagger_upbody_0_0_180_v3,other,unknown,idle,idle,180
stagger_upbody_3_0_090,other,unknown,sprint,idle,090
stagger_upbody_3_0_180_hold_shoulder,other,unknown,sprint,idle,180
stagger_upbody_3_0_180_hold_shoulder_appeal,other,unknown,sprint,idle,180
stagger_upbody_3_2_090_weakly,other,unknown,sprint,walk,090
stagger_upbody_3_3_030,other,unknown,sprint,sprint,030
stagger_upbody_3_3_090,other,unknown,sprint,sprint,090
stagger_upbody_3_3_090_f045,other,unknown,sprint,sprint,090
stagger_upbody_3_3_090_hard,other,unknown,sprint,sprint,090
stagger_upbody_3_3_090_interrupt_lose,other,unknown,sprint,sprint,090
stagger_upbody_3_3_090_interrupt_lose_v2,other,unknown,sprint,sprint,090
stagger_upbody_3_3_090_pulled,other,unknown,sprint,sprint,090
stagger_upbody_3_3_090_quickly,other,unknown,sprint,sprint,090
stagger_upbody_3_3_090_v2,other,unknown,sprint,sprint,090
stagger_upbody_3_3_090_weakly,other,unknown,sprint,sprint,090
stagger_upbody_3_3_090_weakly_v2,other,unknown,sprint,sprint,090
stagger_upbody_3_3_090_weakly_v3,other,unknown,sprint,sprint,090
stagger_upbody_3_3_180,other,unknown,sprint,sprint,180
stagger_upbody_4_4_090_pulled,other,unknown,sprint,sprint,090
stand_045,other,unknown,,,045
stand_090,other,unknown,,,090
stand_135,other,unknown,,,135
stand_180,other,unknown,,,180
stand_a,other,unknown,,,
stand_c,other,unknown,,,
stand_d,other,unknown,,,
stand_e,other,unknown,,,
step_1_1_relax,other,unknown,dribble,dribble,
tacklefoot_far_0_0_000,tackle,interfere,idle,idle,000
tacklefoot_far_0_0_000_090_block,tackle,interfere,idle,idle,000
tacklefoot_far_0_0_f067,tackle,interfere,idle,idle,067
tacklefoot_far_0_0_f067_block,tackle,interfere,idle,idle,067
tacklefoot_far_0_0_f067_block_kneedown,tackle,interfere,idle,idle,067
tacklefoot_far_0_0_f090_block,tackle,interfere,idle,idle,090
tacklefoot_far_0_0_f090_block_f090,tackle,interfere,idle,idle,090
tacklefoot_far_3_0_000,tackle,interfere,sprint,idle,000
tacklefoot_far_3_0_000_legscissors_down,tackle,interfere,sprint,idle,000
tacklefoot_far_3_0_front_blockcut_180,tackle,interfere,sprint,idle,180
tacklefoot_jostle_rear_0_0_f045,tackle,interfere,idle,idle,045
tacklefoot_mid_0_0_000,tackle,interfere,idle,idle,000
tacklefoot_mid_0_0_000_090_block,tackle,interfere,idle,idle,000
tacklefoot_mid_0_0_000_L_dodge,tackle,interfere,idle,idle,000
tacklefoot_mid_0_0_000_R_dodge,tackle,interfere,idle,idle,000
tacklefoot_mid_0_0_f067,tackle,interfere,idle,idle,067
tacklefoot_mid_0_0_f067_block,tackle,interfere,idle,idle,067
tacklefoot_mid_3_0_000,tackle,interfere,sprint,idle,000
tacklefoot_mid_3_0_000_090,tackle,interfere,sprint,idle,000
tacklefoot_mid_3_0_f067_block,tackle,interfere,sprint,idle,067
tacklefoot_mid_3_0_f067_stagger,tackle,interfere,sprint,idle,067
tacklefoot_mid_3_1_front_blockcut_135_v2,tackle,interfere,sprint,dribble,135
tacklefoot_near_0_0_000,tackle,interfere,idle,idle,000
tacklefoot_near_0_0_000_090_block,tackle,interfere,idle,idle,000
tacklefoot_near_0_0_000_block,tackle,interfere,idle,idle,000
tacklefoot_near_0_0_000_intercept,tackle,interfere,idle,idle,000
tacklefoot_near_0_0_f067,tackle,interfere,idle,idle,067
tacklefoot_near_0_0_f067_block,tackle,interfere,idle,idle,067
tacklefoot_near_3_0_000,tackle,interfere,sprint,idle,000
tacklefoot_near_3_0_000_block,tackle,interfere,sprint,idle,000
tacklefoot_near_3_0_000_intercept,tackle,interfere,sprint,idle,000
tacklefoot_near_3_0_f067,tackle,interfere,sprint,idle,067
tacklefoot_near_3_1_front_blockcut_135,tackle,interfere,sprint,dribble,135
tacklefoot_near_3_3_000_intercept,tackle,interfere,sprint,sprint,000
tacklefoot_parallel_3_0_f135,tackle,interfere,sprint,idle,135
tacklefoot_parallel_3_2_f020,tackle,interfere,sprint,walk,020
tacklefoot_parallel_3_3_f090,tackle,interfere,sprint,sprint,090
tacklefoot_rear_0_0_f135,tackle,interfere,idle,idle,135
tacklefoot_rear_3_0_f135,tackle,interfere,sprint,idle,135
tacklefoot_side_far_2_0_000,tackle,interfere,walk,idle,000
tacklefoot_side_far_2_0_180_down,tackle,interfere,walk,idle,180
tacklefoot_side_far_2_1_180,tackle,interfere,walk,dribble,180
tacklefoot_side_far_3_0_180_down,tackle,interfere,sprint,idle,180
tacklefoot_side_mid_2_0_090,tackle,interfere,walk,idle,090
tacklefoot_side_mid_2_2_090,tackle,interfere,walk,walk,090
tacklehold_0_3_000,tackle,interfere,idle,sprint,000
tacklehold_3_3_000,tackle,interfere,sprint,sprint,000
tacklehold_shoulder_0_3_135,tackle,interfere,idle,sprint,135
tacklehold_shoulder_3_0_020,tackle,interfere,sprint,idle,020
tacklehold_shoulder_3_0_020_v2,tackle,interfere,sprint,idle,020
tacklehold_shoulder_3_2_020_miss,tackle,interfere,sprint,walk,020
tacklehold_shoulder_3_3_000_miss,tackle,interfere,sprint,sprint,000
tacklehold_shoulder_3_3_020_miss,tackle,interfere,sprint,sprint,020
tacklehold_waist_0_0_020,tackle,interfere,idle,idle,020
tacklehold_waist_0_0_060,tackle,interfere,idle,idle,060
tacklehold_waist_0_0_090,tackle,interfere,idle,idle,090
tacklehold_waist_3_0_000,tackle,interfere,sprint,idle,000
tacklehold_waist_3_0_020,tackle,interfere,sprint,idle,020
tacklehold_waist_3_0_020_falldown,tackle,interfere,sprint,idle,020
tacklehold_waist_3_3_020,tackle,interfere,sprint,sprint,020
tacklehold_waist_3_3_020_miss,tackle,interfere,sprint,sprint,020
tacklepulled_0_0_020,tackle,interfere,idle,idle,020
tacklepulled_3_3_000,tackle,interfere,sprint,sprint,000
tackleshoulder_2_2,tackle,interfere,walk,walk,
tackleshoulder_2_3,tackle,interfere,walk,sprint,
tackleshoulder_3_0_interrupt_000,tackle,interfere,sprint,idle,000
tackleshoulder_3_0_interrupt_f090,tackle,interfere,sprint,idle,090
tackleshoulder_3_1_interrupt_sole_f090,tackle,interfere,sprint,dribble,090
tackleshoulder_3_2_interrupt_f067,tackle,interfere,sprint,walk,067
tackleshoulder_3_2_interrupt_sole_f060,tackle,interfere,sprint,walk,060
tackleshoulder_3_3,tackle,interfere,sprint,sprint,
tackleshoulder_3_3_f045,tackle,interfere,sprint,sprint,045
tackleshoulder_3_3_grab_arm,tackle,interfere,sprint,sprint,
tackleshoulder_3_3_interrupt,tackle,interfere,sprint,sprint,
tackleshoulder_3_3_interrupt_000_v2,tackle,interfere,sprint,sprint,000
tackleshoulder_3_3_interrupt_f045,tackle,interfere,sprint,sprint,045
tackleshoulder_3_3_interrupt_f060,tackle,interfere,sprint,sprint,060
tackleshoulder_3_3_interrupt_quick,tackle,interfere,sprint,sprint,
tackleshoulder_3_3_weakly,tackle,interfere,sprint,sprint,
tackleshoulder_3_3_weakly_v2,tackle,interfere,sprint,sprint,
tackleshoulder_3_3_weakly_v3,tackle,interfere,sprint,sprint,
throwin_loop,other,unknown,,,
throwin_pickupball_000,other,unknown,,,000
throwin_pickupball_090,other,unknown,,,090
throwin_pickupball_180,other,unknown,,,180
throwin_release_idle_000_long,other,unknown,,,000
throwin_release_idle_000_mid,other,unknown,,,000
throwin_release_idle_000_short,other,unknown,,,000
throwin_release_run_000_mid,other,unknown,,,000
throwin_release_run_000_short,other,unknown,,,000
throwin_release_run_067_mid,other,unknown,,,067
throwin_release_run_067_short,other,unknown,,,067
throwin_run_3_3_000_onehand_ver21,other,unknown,sprint,sprint,000
throwin_seamless_liftupball,other,unknown,,,
throwin_slide_1_1_090_onehand_ver21,other,unknown,dribble,dribble,090
throwin_slide_1_1_f090_onehand_ver21,other,unknown,dribble,dribble,090
throwin_turn_067_loop,other,unknown,,,067
trap_0_0_000_side_y7_out_ver23,trap,ballcontrol,idle,idle,000
trap_0_0_000_y0_in,trap,ballcontrol,idle,idle,000
trap_0_0_000_y0_in_fast,trap,ballcontrol,idle,idle,000
trap_0_0_000_y0_in_fast_far,trap,ballcontrol,idle,idle,000
trap_0_0_000_y0_lobball_sole_ver23,trap,ballcontrol,idle,idle,000
trap_0_0_000_y0_out_near,trap,ballcontrol,idle,idle,000
trap_0_0_000_y0_sole,trap,ballcontrol,idle,idle,000
trap_0_0_000_y0_sole_lobball_ver12,trap,ballcontrol,idle,idle,000
trap_0_0_000_y0_veryfar_in,trap,ballcontrol,idle,idle,000
trap_0_0_000_y2_in,trap,ballcontrol,idle,idle,000
trap_0_0_000_y2_in_fast,trap,ballcontrol,idle,idle,000
trap_0_0_000_y2_in_fast_far,trap,ballcontrol,idle,idle,000
trap_0_0_000_y2_instep_guard_ver2,trap,ballcontrol,idle,idle,000
trap_0_0_000_y2_instep_ver12,trap,ballcontrol,idle,idle,000
trap_0_0_000_y2_near_thigh_ver13,trap,ballcontrol,idle,idle,000
trap_0_0_000_y2_out_near,trap,ballcontrol,idle,idle,000
trap_0_0_000_y2_out_ver2,trap,ballcontrol,idle,idle,000
trap_0_0_000_y4_belly_ver2,trap,ballcontrol,idle,idle,000
trap_0_0_000_y4_in_fast,trap,ballcontrol,idle,idle,000
trap_0_0_000_y4_out_near,trap,ballcontrol,idle,idle,000
trap_0_0_000_y4_thigh_lobball,trap,ballcontrol,idle,idle,000
trap_0_0_000_y4_thigh_ver01,trap,ballcontrol,idle,idle,000
trap_0_0_000_y6_breast_fast,trap,ballcontrol,idle,idle,000
trap_0_0_000_y6_breast_ver03,trap,ballcontrol,idle,idle,000
trap_0_0_000_y6_shoulder_rest_release_ver21,trap,ballcontrol,idle,idle,000
trap_0_0_000_y6_shoulder_rest_ver21,trap,ballcontrol,idle,idle,000
trap_0_0_000_y7_breast_ver2,trap,ballcontrol,idle,idle,000
trap_0_0_000_y7_head_fast_ver12,trap,ballcontrol,idle,idle,000
trap_0_0_000_y8_head_fast,trap,ballcontrol,idle,idle,000
trap_0_0_045_y0_sole,trap,ballcontrol,idle,idle,045
trap_0_0_090_y0_sole,trap,ballcontrol,idle,idle,090
trap_0_0_135_y0_sole,trap,ballcontrol,idle,idle,135
trap_0_0_180_y0_sole,trap,ballcontrol,idle,idle,180
trap_0_0_f045_y0_far_in,trap,ballcontrol,idle,idle,045
trap_0_0_f045_y0_in,trap,ballcontrol,idle,idle,045
trap_0_0_f045_y0_near_in,trap,ballcontrol,idle,idle,045
trap_0_0_f045_y0_sole,trap,ballcontrol,idle,idle,045
trap_0_0_f045_y1_far_in_ver2,trap,ballcontrol,idle,idle,045
trap_0_0_f045_y2_in,trap,ballcontrol,idle,idle,045
trap_0_0_f045_y2_out_boundball_ve2,trap,ballcontrol,idle,idle,045
trap_0_0_f045_y4_thigh_ver20,trap,ballcontrol,idle,idle,045
trap_0_0_f045_y6_breast,trap,ballcontrol,idle,idle,045
trap_0_0_f090_sidefar_y6_in_ver23,trap,ballcontrol,idle,idle,090
trap_0_0_f090_y0_far_in,trap,ballcontrol,idle,idle,090
trap_0_0_f090_y0_in,trap,ballcontrol,idle,idle,090
trap_0_0_f090_y0_near_in,trap,ballcontrol,idle,idle,090
trap_0_0_f090_y0_sole_v1,trap,ballcontrol,idle,idle,090
trap_0_0_f090_y2_in,trap,ballcontrol,idle,idle,090
trap_0_0_f135_y0_sole,trap,ballcontrol,idle,idle,135
trap_0_0_f180_y0_sole,trap,ballcontrol,idle,idle,180
trap_0_0_s_000_y0_far_in_ver21,trap,ballcontrol,idle,idle,000
trap_0_0_s_000_y0_in_ver21,trap,ballcontrol,idle,idle,000
trap_0_0_s_000_y0_near_in_ver21,trap,ballcontrol,idle,idle,000
trap_0_1_000_y4_breast_ver03,trap,ballcontrol,idle,dribble,000
trap_0_2_f045_y0_in_ver20,trap,ballcontrol,idle,walk,045
trap_0_2_f090_y0_in_ver20,trap,ballcontrol,idle,walk,090
trap_0_2_f135_y0_in_ver20,trap,ballcontrol,idle,walk,135
trap_0_2_f180_y0_in_ver03,trap,ballcontrol,idle,walk,180
trap_0_3_000_y0_accordion_in,trap,ballcontrol,idle,sprint,000
trap_0_3_000_y0_sole_ver3,trap,ballcontrol,idle,sprint,000
trap_0_3_000_y2_out,trap,ballcontrol,idle,sprint,000
trap_0_3_000_y3_thigh_ver20,trap,ballcontrol,idle,sprint,000
trap_0_3_000_y4_thigh_ver20,trap,ballcontrol,idle,sprint,000
trap_0_3_000_y6_breast,trap,ballcontrol,idle,sprint,000
trap_0_3_000_y6_shoulder_rest_release_ver21,trap,ballcontrol,idle,sprint,000
trap_0_3_000_y6_shoulder_rest_ver21,trap,ballcontrol,idle,sprint,000
trap_0_3_000_y7_near_breast_ver12,trap,ballcontrol,idle,sprint,000
trap_0_3_045_y3_thigh_ver01,trap,ballcontrol,idle,sprint,045
trap_0_3_090_y0_in_axisback_ver2,trap,ballcontrol,idle,sprint,090
trap_0_3_090_y0_in_ver12,trap,ballcontrol,idle,sprint,090
trap_0_3_090_y1_instep_ver2,trap,ballcontrol,idle,sprint,090
trap_0_3_090_y2_thigh_ver01,trap,ballcontrol,idle,sprint,090
trap_0_3_090_y3_thigh_ver10,trap,ballcontrol,idle,sprint,090
trap_0_3_090_y4_thigh_ver01,trap,ballcontrol,idle,sprint,090
trap_0_3_090_y5_thigh_ver01,trap,ballcontrol,idle,sprint,090
trap_0_3_090_y6_breast_ver21,trap,ballcontrol,idle,sprint,090
trap_0_3_135_y0_axisback_in_ver12,trap,ballcontrol,idle,sprint,135
trap_0_3_135_y0_heel_ver2,trap,ballcontrol,idle,sprint,135
trap_0_3_135_y0_in_ver12,trap,ballcontrol,idle,sprint,135
trap_0_3_135_y2_in,trap,ballcontrol,idle,sprint,135
trap_0_3_135_y3_out_ver2,trap,ballcontrol,idle,sprint,135
trap_0_3_f045_y0_accordion_in,trap,ballcontrol,idle,sprint,045
trap_0_3_f045_y0_far_in,trap,ballcontrol,idle,sprint,045
trap_0_3_f045_y0_mid_in_ver7,trap,ballcontrol,idle,sprint,045
trap_0_3_f045_y0_near_in,trap,ballcontrol,idle,sprint,045
trap_0_3_f045_y0_sole,trap,ballcontrol,idle,sprint,045
trap_0_3_f045_y2_in,trap,ballcontrol,idle,sprint,045
trap_0_3_f045_y6_breast,trap,ballcontrol,idle,sprint,045
trap_0_3_f090_y0_accordion_in,trap,ballcontrol,idle,sprint,090
trap_0_3_f090_y0_far_in,trap,ballcontrol,idle,sprint,090
trap_0_3_f090_y0_in,trap,ballcontrol,idle,sprint,090
trap_0_3_f090_y0_mid_in_ver1,trap,ballcontrol,idle,sprint,090
trap_0_3_f090_y0_near_in_ver2,trap,ballcontrol,idle,sprint,090
trap_0_3_f090_y0_out_ver12,trap,ballcontrol,idle,sprint,090
trap_0_3_f090_y0_sole_ver12,trap,ballcontrol,idle,sprint,090
trap_0_3_f090_y2_in,trap,ballcontrol,idle,sprint,090
trap_0_3_f090_y4_thigh_ver21,trap,ballcontrol,idle,sprint,090
trap_0_3_f090_y6_breast,trap,ballcontrol,idle,sprint,090
trap_0_3_f135_y0_accordion_in,trap,ballcontrol,idle,sprint,135
trap_0_3_f135_y0_far_in,trap,ballcontrol,idle,sprint,135
trap_0_3_f135_y0_in,trap,ballcontrol,idle,sprint,135
trap_0_3_f135_y0_near_in,trap,ballcontrol,idle,sprint,135
trap_0_3_f135_y0_out_ver12,trap,ballcontrol,idle,sprint,135
trap_0_3_f135_y2_in,trap,ballcontrol,idle,sprint,135
trap_0_3_f135_y3_thigh_ver10,trap,ballcontrol,idle,sprint,135
trap_0_3_f135_y4_thigh_ver01,trap,ballcontrol,idle,sprint,135
trap_0_3_f135_y6_breast,trap,ballcontrol,idle,sprint,135
trap_0_3_f180_y0_in_ver7,trap,ballcontrol,idle,sprint,180
trap_0_3_f225_y0_in_ver22,trap,ballcontrol,idle,sprint,225
trap_boundball_0_0_000_y3_thigh_ver01,trap,ballcontrol,idle,idle,000
trap_boundball_0_0_000_y4_breast_ver21,trap,ballcontrol,idle,idle,000
trap_boundball_0_0_000_y5_breast_ver12,trap,ballcontrol,idle,idle,000
trap_boundball_0_0_000_y5_waist_ver13,trap,ballcontrol,idle,idle,000
trap_boundball_0_3_000_y4_breast_ver03,trap,ballcontrol,idle,sprint,000
trap_boundball_0_3_000_y4_breast_ver23,trap,ballcontrol,idle,sprint,000
trap_boundball_0_3_090_y1_in_ver01,trap,ballcontrol,idle,sprint,090
trap_guardback_0_0_000_y0_out_ver12,trap,ballcontrol,idle,idle,000
trap_guardback_0_0_000_y0_sole_ver03,trap,ballcontrol,idle,idle,000
trap_guardside_0_0_f090_y0_in_ver20,trap,ballcontrol,idle,idle,090
trap_guardside_0_3_000_y0_in_ver20,trap,ballcontrol,idle,sprint,000
trap_guardside_0_3_f045_y0_in_ver20,trap,ballcontrol,idle,sprint,045
trap_guardside_0_3_f090_y0_in_ver20,trap,ballcontrol,idle,sprint,090
trap_guardside_0_3_f225_y0_in_ver20,trap,ballcontrol,idle,sprint,225
trapback_3_0_000_y0_in,trap,ballcontrol,sprint,idle,000
trapback_3_0_000_y0_in_fast,trap,ballcontrol,sprint,idle,000
trapback_3_0_000_y2_in,trap,ballcontrol,sprint,idle,000
trapback_3_0_000_y2_in_fast,trap,ballcontrol,sprint,idle,000
trapback_3_0_000_y3_thigh_ver20,trap,ballcontrol,sprint,idle,000
trapback_3_0_000_y4_thigh_fast,trap,ballcontrol,sprint,idle,000
trapback_3_0_000_y6_breast,trap,ballcontrol,sprint,idle,000
trapback_3_0_000_y6_breast_fast,trap,ballcontrol,sprint,idle,000
trapback_3_0_000_y8_breast,trap,ballcontrol,sprint,idle,000
trapback_3_0_000_y8_head_fast,trap,ballcontrol,sprint,idle,000
trapback_3_0_f090_y0_in,trap,ballcontrol,sprint,idle,090
trapback_3_0_f090_y2_in_ver20,trap,ballcontrol,sprint,idle,090
trapback_3_0_f135_y0_in,trap,ballcontrol,sprint,idle,135
trapback_3_0_f180_side_y5_instep_ver23,trap,ballcontrol,sprint,idle,180
trapback_3_0_f180_y0_in,trap,ballcontrol,sprint,idle,180
trapback_3_3_090_y0_axisback_in_ver21,trap,ballcontrol,sprint,sprint,090
trapback_3_3_090_y0_in,trap,ballcontrol,sprint,sprint,090
trapback_3_3_090_y2_in_ver20,trap,ballcontrol,sprint,sprint,090
trapback_3_3_090_y3_thigh_ver20,trap,ballcontrol,sprint,sprint,090
trapback_3_3_135_y0_axisback_in_ver21,trap,ballcontrol,sprint,sprint,135
trapback_3_3_135_y0_in,trap,ballcontrol,sprint,sprint,135
trapback_3_3_135_y2_in_ver10,trap,ballcontrol,sprint,sprint,135
trapback_3_3_180_y0_in,trap,ballcontrol,sprint,sprint,180
trapback_3_3_f090_y0_in,trap,ballcontrol,sprint,sprint,090
trapback_3_3_f090_y0_out_ver20,trap,ballcontrol,sprint,sprint,090
trapback_3_3_f090_y2_in_ver20,trap,ballcontrol,sprint,sprint,090
trapback_3_3_f090_y2_out_ver20,trap,ballcontrol,sprint,sprint,090
trapback_3_3_f090_y4_thigh_ver21,trap,ballcontrol,sprint,sprint,090
trapback_3_3_f090_y6_breast,trap,ballcontrol,sprint,sprint,090
trapback_3_3_f090_y6_breast_ver10,trap,ballcontrol,sprint,sprint,090
trapback_3_3_f135_y0_in_ver21,trap,ballcontrol,sprint,sprint,135
trapback_3_3_f135_y0_out_ver20,trap,ballcontrol,sprint,sprint,135
trapback_3_3_f135_y2_in,trap,ballcontrol,sprint,sprint,135
trapback_3_3_f135_y2_out_ver20,trap,ballcontrol,sprint,sprint,135
trapback_3_3_f135_y4_thigh_ver20,trap,ballcontrol,sprint,sprint,135
trapback_3_3_f135_y4_thigh_ver21,trap,ballcontrol,sprint,sprint,135
trapback_3_3_f135_y6_breast,trap,ballcontrol,sprint,sprint,135
trapback_3_3_f135_y6_breast_ver20,trap,ballcontrol,sprint,sprint,135
trapback_3_3_f180_y0_in_ver21,trap,ballcontrol,sprint,sprint,180
trapback_3_3_f180_y2_in,trap,ballcontrol,sprint,sprint,180
trapback_3_3_f225_y0_in_ver20,trap,ballcontrol,sprint,sprint,225
trapback_boundball_3_0_000_y5_breast_ver21,trap,ballcontrol,sprint,idle,000
traprun_1_0_000_y8_breast_ver12,trap,ballcontrol,dribble,idle,000
traprun_1_3_f090_y5_breast_ver13,trap,ballcontrol,dribble,sprint,090
traprun_2_3_f022_y6_near_breast_ver13,trap,ballcontrol,walk,sprint,022
traprun_2_3_f180_y0_in,trap,ballcontrol,walk,sprint,180
traprun_2_3_f225_y0_sole_ver01,trap,ballcontrol,walk,sprint,225
traprun_2_3_s_000_sidefar_y4_near_thigh_ver01,trap,ballcontrol,walk,sprint,000
traprun_3_0_f090_y0_in_ver12,trap,ballcontrol,sprint,idle,090
traprun_3_0_f135_y0_in_ver12,trap,ballcontrol,sprint,idle,135
traprun_3_0_s_000_y8_instep_ver23,trap,ballcontrol,sprint,idle,000
traprun_3_2_s_011_sidemid_y0_sole_ver3,trap,ballcontrol,sprint,walk,011
traprun_3_3_000_sole_ver3,trap,ballcontrol,sprint,sprint,000
traprun_3_3_000_y0_in,trap,ballcontrol,sprint,sprint,000
traprun_3_3_000_y0_in_fast,trap,ballcontrol,sprint,sprint,000
traprun_3_3_000_y2_in,trap,ballcontrol,sprint,sprint,000
traprun_3_3_000_y2_in_fast,trap,ballcontrol,sprint,sprint,000
traprun_3_3_000_y3_thigh_ver10,trap,ballcontrol,sprint,sprint,000
traprun_3_3_000_y4_thigh_fast,trap,ballcontrol,sprint,sprint,000
traprun_3_3_000_y4_thigh_ver20,trap,ballcontrol,sprint,sprint,000
traprun_3_3_000_y6_breast,trap,ballcontrol,sprint,sprint,000
traprun_3_3_000_y6_breast_fast,trap,ballcontrol,sprint,sprint,000
traprun_3_3_000_y8_breast,trap,ballcontrol,sprint,sprint,000
traprun_3_3_000_y8_head_fast,trap,ballcontrol,sprint,sprint,000
traprun_3_3_045_y2_in,trap,ballcontrol,sprint,sprint,045
traprun_3_3_045_y3_thigh_ver01,trap,ballcontrol,sprint,sprint,045
traprun_3_3_045_y4_thigh_ver01,trap,ballcontrol,sprint,sprint,045
traprun_3_3_090_y0_axisback_in,trap,ballcontrol,sprint,sprint,090
traprun_3_3_090_y0_in,trap,ballcontrol,sprint,sprint,090
traprun_3_3_135_y0_axisback_in,trap,ballcontrol,sprint,sprint,135
traprun_3_3_f011_siemid_y0_near_in_ver12,trap,ballcontrol,sprint,sprint,011
traprun_3_3_f045_y0_in,trap,ballcontrol,sprint,sprint,045
traprun_3_3_f045_y2_in,trap,ballcontrol,sprint,sprint,045
traprun_3_3_f090_y0_in,trap,ballcontrol,sprint,sprint,090
traprun_3_3_f135_y0_in,trap,ballcontrol,sprint,sprint,135
traprun_3_3_s_000_y0_far_in,trap,ballcontrol,sprint,sprint,000
traprun_3_3_s_000_y0_far_out,trap,ballcontrol,sprint,sprint,000
traprun_3_3_s_000_y0_in_axisback_near_ver12,trap,ballcontrol,sprint,sprint,000
traprun_3_3_s_000_y0_mid_in,trap,ballcontrol,sprint,sprint,000
traprun_3_3_s_000_y0_mid_out,trap,ballcontrol,sprint,sprint,000
traprun_3_3_s_000_y0_near_in,trap,ballcontrol,sprint,sprint,000
traprun_3_3_s_000_y0_out_ver2,trap,ballcontrol,sprint,sprint,000
traprun_3_3_s_000_y1_heel_near_ver12,trap,ballcontrol,sprint,sprint,000
traprun_3_3_s_000_y1_out_far_ver12,trap,ballcontrol,sprint,sprint,000
traprun_3_3_s_000_y1_out_ver10,trap,ballcontrol,sprint,sprint,000
traprun_3_3_s_000_y2_in,trap,ballcontrol,sprint,sprint,000
traprun_3_3_s_000_y2_in_far_ver10,trap,ballcontrol,sprint,sprint,000
traprun_3_3_s_000_y2_in_sidefar_rear_ver10,trap,ballcontrol,sprint,sprint,000
traprun_3_3_s_000_y2_in_sidefar_ver12,trap,ballcontrol,sprint,sprint,000
traprun_3_3_s_000_y2_in_ver12,trap,ballcontrol,sprint,sprint,000
traprun_3_3_s_000_y2_out_far_ver10,trap,ballcontrol,sprint,sprint,000
traprun_3_3_s_000_y2_out_near_ver10,trap,ballcontrol,sprint,sprint,000
traprun_3_3_s_000_y3_in_far_ver10,trap,ballcontrol,sprint,sprint,000
traprun_3_3_s_000_y3_in_ver10,trap,ballcontrol,sprint,sprint,000
traprun_3_3_s_000_y3_instep_ver12,trap,ballcontrol,sprint,sprint,000
traprun_3_3_s_000_y3_out_far_ver10,trap,ballcontrol,sprint,sprint,000
traprun_3_3_s_000_y3_out_near_ver10,trap,ballcontrol,sprint,sprint,000
traprun_3_3_s_000_y3_out_ver10,trap,ballcontrol,sprint,sprint,000
traprun_3_3_s_000_y4_in_far_ver10,trap,ballcontrol,sprint,sprint,000
traprun_3_3_s_000_y4_in_near_ver10,trap,ballcontrol,sprint,sprint,000
traprun_3_3_s_000_y4_in_ver10,trap,ballcontrol,sprint,sprint,000
traprun_3_3_s_000_y4_instep,trap,ballcontrol,sprint,sprint,000
traprun_3_3_s_000_y4_out_ver12,trap,ballcontrol,sprint,sprint,000
traprun_3_3_s_000_y4_thigh,trap,ballcontrol,sprint,sprint,000
traprun_3_3_s_000_y4_thigh_ver12,trap,ballcontrol,sprint,sprint,000
traprun_3_3_s_000_y5_out_far_ver10,trap,ballcontrol,sprint,sprint,000
traprun_3_3_s_000_y5_out_rear_ver10,trap,ballcontrol,sprint,sprint,000
traprun_3_3_s_000_y6_breast,trap,ballcontrol,sprint,sprint,000
traprun_3_3_s_000_y6_breast_near_ver12,trap,ballcontrol,sprint,sprint,000
traprun_3_3_s_000_y6_in_far_ver10,trap,ballcontrol,sprint,sprint,000
traprun_3_3_s_000_y8_breast,trap,ballcontrol,sprint,sprint,000
traprun_3_3_s_022_sidenear_y5_near_breast_ver13,trap,ballcontrol,sprint,sprint,022
traprun_3_3_s_022_y0_in_axisback_ver2,trap,ballcontrol,sprint,sprint,022
traprun_3_3_s_022_y5_in_ver12,trap,ballcontrol,sprint,sprint,022
traprun_3_3_s_f011_y1_out_near_ver12,trap,ballcontrol,sprint,sprint,011
traprun_3_3_s_f045_y0_in_ver21,trap,ballcontrol,sprint,sprint,045
traprun_3_3_s_f090_y0_in_ver23,trap,ballcontrol,sprint,sprint,090
traprun_3_3_s_near_f022_y2_in,trap,ballcontrol,sprint,sprint,022
traprun_3_3_s_near_f045_y0_in,trap,ballcontrol,sprint,sprint,045
traprun_4_3_s_000_y6_instep_ver23,trap,ballcontrol,sprint,sprint,000
traprun_4_4_s_000_y0_far_in,trap,ballcontrol,sprint,sprint,000
traprun_4_4_s_000_y0_far_out,trap,ballcontrol,sprint,sprint,000
traprun_4_4_s_000_y0_in_axisback_ver12,trap,ballcontrol,sprint,sprint,000
traprun_4_4_s_000_y0_mid_in,trap,ballcontrol,sprint,sprint,000
traprun_4_4_s_000_y0_mid_out,trap,ballcontrol,sprint,sprint,000
traprun_4_4_s_000_y0_near_in,trap,ballcontrol,sprint,sprint,000
traprun_4_4_s_000_y0_near_out,trap,ballcontrol,sprint,sprint,000
traprun_4_4_s_000_y2_far_in,trap,ballcontrol,sprint,sprint,000
traprun_4_4_s_000_y2_far_out,trap,ballcontrol,sprint,sprint,000
traprun_4_4_s_000_y2_mid_in,trap,ballcontrol,sprint,sprint,000
traprun_4_4_s_000_y2_mid_out,trap,ballcontrol,sprint,sprint,000
traprun_4_4_s_000_y2_near_in,trap,ballcontrol,sprint,sprint,000
traprun_4_4_s_000_y2_near_out,trap,ballcontrol,sprint,sprint,000
traprun_4_4_s_000_y3_in_far_ver10,trap,ballcontrol,sprint,sprint,000
traprun_4_4_s_000_y4_far_in,trap,ballcontrol,sprint,sprint,000
traprun_4_4_s_000_y4_far_out,trap,ballcontrol,sprint,sprint,000
traprun_4_4_s_000_y4_mid_in,trap,ballcontrol,sprint,sprint,000
traprun_4_4_s_000_y4_mid_out,trap,ballcontrol,sprint,sprint,000
traprun_4_4_s_000_y4_mid_thigh,trap,ballcontrol,sprint,sprint,000
traprun_4_4_s_000_y4_near_thigh,trap,ballcontrol,sprint,sprint,000
traprun_4_4_s_000_y4_out_ver10,trap,ballcontrol,sprint,sprint,000
traprun_4_4_s_000_y4_thigh,trap,ballcontrol,sprint,sprint,000
traprun_4_4_s_000_y6_breast_ver10,trap,ballcontrol,sprint,sprint,000
traprun_4_4_s_000_y6_far_in,trap,ballcontrol,sprint,sprint,000
traprun_4_4_s_000_y6_far_out,trap,ballcontrol,sprint,sprint,000
traprun_4_4_s_000_y8_mid_breast,trap,ballcontrol,sprint,sprint,000
traprun_4_4_s_011_y0_in_axisback_ver12,trap,ballcontrol,sprint,sprint,011
traprun_4_4_s_011_y4_breast_ver12,trap,ballcontrol,sprint,sprint,011
traprun_4_4_s_022_y1_sole_ver12,trap,ballcontrol,sprint,sprint,022
traprun_4_4_s_022_y3_instep_ver12,trap,ballcontrol,sprint,sprint,022
traprun_4_4_s_f011_y1_out_ver12,trap,ballcontrol,sprint,sprint,011
traprun_4_4_s_f011_y3_out_far_ver12,trap,ballcontrol,sprint,sprint,011
traprun_4_4_s_f022_y0_out_far_ver10,trap,ballcontrol,sprint,sprint,022
traprun_4_4_s_near_f011_y2_in,trap,ballcontrol,sprint,sprint,011
traprun_4_4_s_near_f022_y0_in,trap,ballcontrol,sprint,sprint,022
traprun_boundbal_3_3_000_y4_breast_ver21,trap,ballcontrol,sprint,sprint,000
traprun_boundball_2_3_000_y3_head_ver03,trap,ballcontrol,walk,sprint,000
traprun_boundball_2_3_f011_sidefar_y1_far_sole_ver13,trap,ballcontrol,walk,sprint,011
traprun_boundball_3_3_s_000_y4_near_breast_ver03,trap,ballcontrol,sprint,sprint,000
traprun_chasedown_3_2_000_y5_head_ver01,trap,ballcontrol,sprint,walk,000
traprun_chasedown_3_3_000_y1_sole_ver01,trap,ballcontrol,sprint,sprint,000
traprun_chasedown_3_3_000_y2_knee,trap,ballcontrol,sprint,sprint,000
traprun_chasedown_3_3_000_y2_sole_ver12,trap,ballcontrol,sprint,sprint,000
traprun_chasedown_3_3_000_y4_knee,trap,ballcontrol,sprint,sprint,000
traprun_chasedown_3_3_000_y6_breast,trap,ballcontrol,sprint,sprint,000
traprun_chasedown_4_4_000_y2_knee,trap,ballcontrol,sprint,sprint,000
traprun_chasedown_4_4_000_y4_waist,trap,ballcontrol,sprint,sprint,000
traprun_chasedown_4_4_000_y6_head,trap,ballcontrol,sprint,sprint,000
traprun_guardback_1_1_090_y0_sole_ver03,trap,ballcontrol,dribble,dribble,090
traprun_guardback_2_0_000_y2_in_ver03,trap,ballcontrol,walk,idle,000
traprun_guardside_1_1_s_sidemid_y0_out_ver12,trap,ballcontrol,dribble,dribble,
traprun_sliding_3_0_135_y0_instep,trap,ballcontrol,sprint,idle,135
trapside_3_0_000_sideRev_y0_in_Ltouch_ver21,trap,ballcontrol,sprint,idle,000
trapside_3_0_000_y2_in,trap,ballcontrol,sprint,idle,000
trapside_3_0_000_y4_in,trap,ballcontrol,sprint,idle,000
trapside_3_0_000_y4_in_fast,trap,ballcontrol,sprint,idle,000
trapside_3_0_000_y6_breast,trap,ballcontrol,sprint,idle,000
trapside_3_0_000_y8_breast,trap,ballcontrol,sprint,idle,000
trapside_3_3_000_y0_in_Ltouch_ver20,trap,ballcontrol,sprint,sprint,000
trapside_3_3_000_y0_out_Ltouch_ver20,trap,ballcontrol,sprint,sprint,000
trapside_3_3_f045_y0_in_Ltouch_ver20,trap,ballcontrol,sprint,sprint,045
trapside_3_3_f045_y0_in_ver20,trap,ballcontrol,sprint,sprint,045
trapside_3_3_f090_y0_in_Ltouch_ver20,trap,ballcontrol,sprint,sprint,090
trapside_3_3_f090_y2_in,trap,ballcontrol,sprint,sprint,090
trapside_3_3_f090_y2_in_Ltouch_ver12,trap,ballcontrol,sprint,sprint,090
walk_0_1,locomotion,movement,idle,dribble,
walk_1_0,locomotion,movement,dribble,idle,
walk_1_0_045,locomotion,movement,dribble,idle,045
walk_1_0_090,locomotion,movement,dribble,idle,090
walk_1_0_090_avoidstop,locomotion,movement,dribble,idle,090
walk_1_0_135,locomotion,movement,dribble,idle,135
walk_1_1,locomotion,movement,dribble,dribble,
walk_1_1_180_relax,locomotion,movement,dribble,dribble,180
walk_1_1_relax,locomotion,movement,dribble,dribble,
walk_1_1_relax_v2,locomotion,movement,dribble,dribble,
walk_1_1_tired,locomotion,movement,dribble,dribble,
walk_1_3_run,locomotion,movement,dribble,sprint,
walkback_1_1,locomotion,movement,dribble,dribble,
walkback_1_1_relax,locomotion,movement,dribble,dribble,
walkback_1_2_run_f045,locomotion,movement,dribble,walk,045
walkbackslant_1_1,locomotion,movement,dribble,dribble,
walkparallel_1_1,locomotion,movement,dribble,dribble,
walkside_1_1,locomotion,movement,dribble,dribble,
walkside_1_1_back_090,locomotion,movement,dribble,dribble,090
walkslant_1_1,locomotion,movement,dribble,dribble,
wall_idle,other,unknown,,,
wall_idle2,other,unknown,,,
wall_idle3,other,unknown,,,
wall_jump_cancel,other,unknown,,,
wall_jump_cancel2,other,unknown,,,
wall_jump_cancel3,other,unknown,,,
wall_jump_high,other,unknown,,,
wall_jump_high2,other,unknown,,,
wall_jump_high3,other,unknown,,,
wall_jump_high4,other,unknown,,,
wall_runup,other,unknown,,,
wall_runup_cancel,other,unknown,,,
